"","PlotID","BI","GLI","NGRDI","VARI","BGI","NDVI","Pedigree","Exp_row","Exp_range"
"1",1,0.0557762813237774,0.231769347410779,0.327452176588339,0.689144242888729,0.786923227253079,0.750012473820618,"Fill/HB",1,1
"2",2,0.0555774167327906,0.220588441053477,0.322986641582572,0.695371504099152,0.809112869595213,0.747193604142975,"Fill/HB",2,1
"3",3,0.0536192355657263,0.239314820445929,0.335877773798496,0.697571016167716,0.772522931406652,0.767718598420017,"Fill/HB",3,1
"4",4,0.0588765003459344,0.225713259036462,0.327274981487255,0.705599209948927,0.804290924363729,0.751317302323529,"Fill/HB",4,1
"5",5,0.0586884038521484,0.247197062171438,0.338551757938359,0.692271182837175,0.75894717389312,0.757141061622247,"Fill/HB",5,1
"6",6,0.0666203578931155,0.212176956949398,0.312813902352297,0.685560989401713,0.819307413084075,0.720741763439738,"Fill/HB",6,1
"7",7,0.0622380056098024,0.219253939012511,0.315435270362435,0.67674780705608,0.800117502990427,0.74294416236194,"W10004_0290/PHK76",7,1
"8",8,0.0698876277617362,0.194326092593012,0.306918436428691,0.716938610736918,0.86666110263966,0.714220719043609,"W10004_0498/PHK76",8,1
"9",9,0.0673806072745343,0.210136276763103,0.316203196296969,0.710695715994466,0.837325239436792,0.726400783353429,"Fill/HB",9,1
"10",10,0.0627674209086376,0.226453526709218,0.316217976868692,0.66676844157317,0.78641362998028,0.743522234596819,"Fill/HB",10,1
"11",11,0.0675390346418278,0.174059085193687,0.286921841892942,0.687664097878967,0.895115252666804,0.703682990058367,"W10004_0884/PHK76",11,1
"12",12,0.0674368266529025,0.171227986256871,0.287351566271855,0.692862935620668,0.906247102620694,0.702837437861003,"W10004_0037/PHK76",12,1
"13",13,0.06262250818988,0.208304464456278,0.311225171602768,0.685058978656172,0.837676145638531,0.729834346636438,"Fill/HB",13,1
"14",14,0.0703842131698761,0.175589247117677,0.287386873753708,0.684115347237146,0.900674270014868,0.691765361796796,"Fill/HB",14,1
"15",15,0.0588481360553119,0.208764422432112,0.303790851393022,0.651795730889749,0.818731275813945,0.730894668462083,"W10004_0065/PHK76",15,1
"16",16,0.058314680741845,0.17498092553819,0.28516144507753,0.664535447440227,0.888238600362122,0.71231435370709,"W10004_0103/PHK76",16,1
"17",17,0.0586547204442198,0.18931816552813,0.295619077985239,0.666912105057452,0.864401715527627,0.717243866311432,"Fill/HB",17,1
"18",18,0.0645459325636328,0.151860326100206,0.272196266971196,0.672719777879739,0.941406768902701,0.676083039624534,"Fill/HB",18,1
"19",19,0.0593143572560194,0.187848925000809,0.291853481909069,0.656915063408195,0.865008342772554,0.708651539326065,"W10004_1007/PHK76",19,1
"20",20,0.0595594213629116,0.189516418149699,0.296772797114351,0.673427453755051,0.869169333886495,0.705513425742705,"W10004_0168/PHK76",20,1
"21",21,0.0563616320744964,0.201905301021167,0.300625519043458,0.660596769417372,0.832941195958227,0.731204576398211,"Fill/HB",21,1
"22",22,0.0561128638852357,0.202707553472951,0.302861029550243,0.664411623551125,0.831258989185726,0.734440838753657,"Fill/HB",22,1
"23",23,0.0598199070816157,0.19446666678876,0.30051875167502,0.677028227869633,0.854016655844584,0.720864410628775,"W10004_0950/PHK76",23,1
"24",24,0.0627313760030004,0.190603585502612,0.297373828761591,0.679430906899545,0.858309696928375,0.71263570741946,"W10004_0080/PHK76",23,2
"25",25,0.0594390293727971,0.204771193050601,0.309396339312745,0.689400778717591,0.838401436256094,0.727721857991816,"W10004_1112/PHK76",22,2
"26",26,0.0619409110957382,0.19792511302403,0.30262884355705,0.683165373603905,0.847854019192814,0.722060436821698,"W10004_0827/PHK76",21,2
"27",27,0.0628862441143348,0.182298172542689,0.296771646533528,0.695881826039336,0.884473697602764,0.707111975957157,"B37/OH43",20,2
"28",28,0.0678420782289225,0.154506329950721,0.277134960771572,0.702234302372222,0.944889838236571,0.683665306033188,"W10004_0079/PHK76",19,2
"29",29,0.0666646827755884,0.17288992741545,0.290348383025584,0.689458488041723,0.909179475923979,0.682969755364731,"W10004_0264/PHK76",18,2
"30",30,0.0645771979465731,0.196953820321411,0.304728973557517,0.688942957652976,0.859659911771386,0.70652977701184,"W10004_0062/PHK76",17,2
"31",31,0.0592123149795566,0.220089908310435,0.312907706059406,0.671389293507233,0.801531210807221,0.742481171167739,"W10004_0199/PHK76",16,2
"32",32,0.0602385593596409,0.205717205518101,0.30679422025359,0.67525096765241,0.832610954391628,0.726022762561728,"W10004_0632/PHK76",15,2
"33",33,0.0663966117844357,0.183239690905153,0.292018732075024,0.682383531058213,0.87745074846285,0.702771589517205,"W10004_0649/PHK76",14,2
"34",34,0.0595665911154131,0.214404067004835,0.314217254273273,0.678890341648943,0.816952275401796,0.731702411100252,"W10004_0949/PHK76",13,2
"35",35,0.0555181446686297,0.221296890370823,0.31810472388478,0.673261811751169,0.803351342015505,0.741852086781945,"F42/H95",12,2
"36",36,0.0523907431999214,0.214957494475197,0.310724750386504,0.667196633829717,0.812236248522761,0.750124395319181,"W10004_0041/PHK76",11,2
"37",37,0.0561604398527692,0.19588547834564,0.296473275863081,0.656470433287558,0.841878893306914,0.728543824099637,"LH82/TX779",10,2
"38",38,0.0595897103235956,0.199980423528456,0.303496401062363,0.674824813056348,0.850153491826995,0.713535432240368,"W10004_0389/PHK76",9,2
"39",39,0.061315153990342,0.193246402038359,0.296616604713088,0.670455417621826,0.859794493124247,0.715466646724466,"TX773/TX779",8,2
"40",40,0.0618114181007267,0.17977883614456,0.287302753560865,0.662904772756196,0.879821046534817,0.70200252419349,"W10004_0782/PHK76",7,2
"41",41,0.0628582423851218,0.183588746457943,0.292356761496664,0.670579927938506,0.877127357125599,0.702614997473,"W10004_0879/PHK76",6,2
"42",42,0.06020574425277,0.194157586000713,0.294075183540964,0.654488159481868,0.847721021466975,0.717742407991669,"W10004_0179/PHK76",5,2
"43",43,0.0630596953189767,0.196492113337278,0.298040599312038,0.670624779642874,0.849785128904836,0.721945383501151,"W10004_0430/PHK76",4,2
"44",44,0.0615500701568475,0.192122863420632,0.298057463786762,0.67765653905034,0.859876789921903,0.721541199672721,"W10004_0741/PHK76",3,2
"45",45,0.0599505391610117,0.210185831391452,0.30625966102616,0.663160275168182,0.820093182155815,0.736743937201098,"W10004_0822/PHK76",2,2
"46",46,0.0616865391514907,0.215581768816895,0.314375671515725,0.683873203254463,0.81688440623542,0.732965249513451,"W10004_0271/PHK76",1,2
"47",47,0.0608510271938647,0.204390906036662,0.306566187747914,0.678197085284513,0.829969637933142,0.734341237973238,"W10004_0892/PHK76",1,3
"48",48,0.0712178396936194,0.187938235889557,0.302569579316661,0.710640132109055,0.876837031541935,0.708552336258064,"W10004_0966/PHK76",2,3
"49",49,0.0653984747717195,0.229689184603238,0.324427895722925,0.685515916513515,0.790243742108854,0.741647471886383,"W10004_0732/PHK76",3,3
"50",50,0.0561243445803969,0.237095930752612,0.324082677037359,0.662423732036625,0.759050015619143,0.761738836731625,"W10004_0798/PHK76",4,3
"51",51,0.0653028072009663,0.203961181144309,0.306472534974834,0.687254260683757,0.834531254820148,0.71991314587665,"W10004_0078/PHK76",5,3
"52",52,0.0583223401549443,0.247383643587648,0.341691817070024,0.699361087811107,0.760143074059419,0.75465215560037,"W10004_0129/PHK76",6,3
"53",53,0.0571424110653682,0.250651892882987,0.346484725150545,0.711141231684399,0.762223486694687,0.763543913013562,"B73/PHN82",7,3
"54",54,0.0563154654887537,0.240253699406041,0.337134216000003,0.702686076087862,0.777704402033092,0.759852949005442,"W10004_0631/PHK76",8,3
"55",55,0.0561031705188079,0.220876977611454,0.324483630590053,0.707556083346761,0.812879761504875,0.747466075536162,"W10004_1018/PHK76",9,3
"56",56,0.0566116502933877,0.225714254548205,0.323341309972145,0.689292635847306,0.798831731858417,0.746508097664035,"W10004_0256/PHK76",10,3
"57",57,0.0580873103675222,0.218802091830649,0.317187768547941,0.684627972521175,0.810233041308809,0.741652371628557,"W10004_0688/PHK76",11,3
"58",58,0.0560260311724994,0.210675701340002,0.31156477960902,0.677152953656713,0.819107521923323,0.74167541674575,"W10004_1140/PHK76",12,3
"59",59,0.0628236564370322,0.191548756071527,0.301602807901599,0.692646766524598,0.865719336935439,0.716542240515397,"W10004_1001/PHK76",13,3
"60",60,0.0608159820578276,0.221481313698936,0.317357239050026,0.684277243028277,0.805041381522921,0.744034115302008,"W10004_0715/PHK76",14,3
"61",61,0.0566388787998037,0.240569479238632,0.336008545342515,0.701581770578347,0.771940065722026,0.760299536159377,"W10004_0220/PHK76",15,3
"62",62,0.0543418620109856,0.249999774409136,0.340149346289157,0.683386033172231,0.74827589487468,0.766692822824796,"W10004_0008/PHK76",16,3
"63",63,0.0610099946495835,0.229574914545624,0.329669954786496,0.704986662427842,0.794394332479876,0.745612158651488,"LH74/PHN82",17,3
"64",64,0.0661200232757119,0.231673853808269,0.332140626830177,0.706740574738177,0.796250169513943,0.738262557614504,"W10004_0098/PHK76",18,3
"65",65,0.0730589225874801,0.192373804550958,0.303754959571485,0.70503003774728,0.870291711750812,0.697666498761204,"W10004_0032/PHK76",19,3
"66",66,0.0629571148536159,0.217518756376466,0.316987999592511,0.683708647155021,0.812479918388741,0.735395512507585,"W10004_0885/PHK76",20,3
"67",67,0.0625133614866655,0.201051345815323,0.301052802470629,0.67379698117751,0.83888151991078,0.728371609132741,"B14A/H95",21,3
"68",68,0.0636126534168392,0.18724915170867,0.295972839094423,0.68061848673185,0.87302149620621,0.714111794724838,"W10004_0093/PHK76",22,3
"69",69,0.0609850614328951,0.204238282785083,0.310520524617219,0.689698624777902,0.84473215890599,0.72402128138856,"W10004_0776/PHK76",23,3
"70",70,0.0748956528151861,0.177939662159816,0.289544065791521,0.687662277347242,0.896697560704755,0.689577314268903,"W10004_0828/PHK76",23,4
"71",71,0.0629203918821814,0.186567674297699,0.29177742479626,0.669309479265825,0.866955296312471,0.708688909843868,"W10004_0981/PHK76",22,4
"72",72,0.0579408500210782,0.197773326222762,0.296122019093405,0.655028149588724,0.840341149087826,0.724259669937429,"W10004_0636/PHK76",21,4
"73",73,0.0623567637465181,0.186383550811395,0.290892146839039,0.662052760645664,0.867967841627942,0.703608834429092,"LOCAL_CHECK",20,4
"74",74,0.0578295901723917,0.22175954327226,0.31676304367007,0.672134420886727,0.802158222497928,0.737048650133932,"W10004_0110/PHK76",19,4
"75",75,0.0601534493586393,0.195068666913496,0.29705953321945,0.66512133215407,0.851184523140491,0.717874088467805,"W10004_0733/PHK76",18,4
"76",76,0.0597086340133011,0.184458077052451,0.288886399004812,0.661437770436646,0.86863670573987,0.706936298265661,"W10004_0465/PHK76",17,4
"77",77,0.0623007037652569,0.180578041869353,0.289006779792612,0.674500524741162,0.879900765342797,0.703283515235335,"W10004_0774/PHK76",16,4
"78",78,0.0580100214390281,0.223801479265217,0.317306288212692,0.670033471753112,0.794562875164843,0.742792312137437,"W10004_0047/PHK76",15,4
"79",79,0.0605505520757976,0.194082884672899,0.302027414961052,0.688964567279508,0.854899600444324,0.723018367407278,"W10004_0687/PHK76",14,4
"80",80,0.0580590126945169,0.234953293158913,0.326085607456063,0.675744514009675,0.774748382672587,0.754005224235494,"W10004_0852/PHK76",13,4
"81",81,0.0605346232763719,0.191991934331303,0.301973745511815,0.698484680496483,0.861999741152025,0.723987762649513,"W10004_0014/PHK76",12,4
"82",82,0.0588215648883337,0.205988349673485,0.308244743643923,0.67874852782942,0.830029165762813,0.73014266841303,"W10004_0667/PHK76",11,4
"83",83,0.0633605990492442,0.171139077474926,0.283298560448136,0.671653154521823,0.900418349988361,0.694044997454527,"W10004_0684/PHK76",10,4
"84",84,0.062719395813479,0.192750742204299,0.295264672410271,0.661574376871049,0.856228005612563,0.715904814184647,"W10004_0409/PHK76",9,4
"85",85,0.0645564613559727,0.152682984241334,0.274530040500073,0.682369384494463,0.946853666655512,0.67868641271829,"W10004_0291/PHK76",8,4
"86",86,0.06633912743121,0.165788408958335,0.285696859533991,0.697650189554305,0.92177705802217,0.688352787990267,"W10004_0691/PHK76",7,4
"87",87,0.0574883343348256,0.208253857467779,0.307724841421296,0.670517917668724,0.823164140075282,0.73203212607279,"W10004_0189/PHK76",6,4
"88",88,0.0597146681903185,0.207287517492024,0.30950040253619,0.687786519486809,0.828392536278218,0.73383899402103,"W10004_0932/PHK76",5,4
"89",89,0.0574545294834207,0.216793497433732,0.31640949451552,0.687862756100967,0.815263875080996,0.74287599996795,"W10004_0231/PHK76",4,4
"90",90,0.0593283916717774,0.207714469311448,0.314110319405353,0.695441360588347,0.835349483237465,0.734788402710713,"W10004_0487/PHK76",3,4
"91",91,0.0596256930008817,0.238929650363223,0.328267275116944,0.671984317297426,0.768977175845697,0.750786726203976,"W10004_1052/PHK76",2,4
"92",92,0.0568457136725625,0.191985487950858,0.296353766832571,0.667691754530841,0.854162157618941,0.719735897132257,"W10004_1080/PHK76",1,4
"93",93,0.06047773313636,0.182139841647871,0.288019007189635,0.657013034322075,0.87332921068044,0.703071017999534,"W10004_0618/PHK76",1,5
"94",94,0.0612245142225875,0.204736247266875,0.303698982572818,0.661434969971681,0.834631447346275,0.71354495548463,"W10004_0851/PHK76",2,5
"95",95,0.0629886291195308,0.17271545716049,0.285287013734891,0.677603760430849,0.905265332930322,0.692961659009101,"W10004_0673/PHK76",3,5
"96",96,0.0616904183992542,0.178711226302452,0.288749396299914,0.670380363494161,0.88705351416108,0.705272281158321,"W10004_0612/PHK76",4,5
"97",97,0.0611064752686534,0.189230797042031,0.293820791409166,0.669309819948769,0.864825675298311,0.718514010323798,"W10004_0171/PHK76",5,5
"98",98,0.0621719284308396,0.191143812891232,0.295557041328461,0.666523474556979,0.858289500202645,0.717603120865502,"W10004_0063/PHK76",6,5
"99",99,0.0670724695870852,0.180804253500699,0.290361802899467,0.680356097424312,0.887030898630283,0.708097592217948,"W10004_0101/PHK76",7,5
"100",100,0.0649597023977944,0.206690457330792,0.308779029161714,0.67966780952761,0.837536409267336,0.725709676949787,"W10004_0970/PHK76",8,5
"101",101,0.0642894591666126,0.205099972246655,0.305385257391426,0.672654181388818,0.835013370498412,0.72954840091666,"W10004_0900/PHK76",9,5
"102",102,0.0680901146634233,0.179003581575784,0.287866841209213,0.680868613594761,0.885384123087333,0.704238895949073,"W10004_0971/PHK76",10,5
"103",103,0.0593266793104446,0.210877250104137,0.308325189152371,0.676347206304661,0.820649049088088,0.740332633165331,"W10004_1084/PHK76",11,5
"104",104,0.0616809118871488,0.232231808990547,0.327618773045752,0.697290973931013,0.792462920335333,0.75433225237882,"W10004_0236/PHK76",12,5
"105",105,0.0653806724386397,0.205150489986752,0.309037202053179,0.691115955227098,0.83663100614985,0.732547661582718,"W10004_0757/PHK76",13,5
"106",106,0.0655401300840591,0.20043420907733,0.308430629994012,0.702121791933663,0.848837865275953,0.718185221399857,"W10004_0645/PHK76",14,5
"107",107,0.0592369377642775,0.217820095503885,0.311880812655429,0.66061657686411,0.793926574877296,0.738003008993045,"W10004_1004/PHK76",15,5
"108",108,0.0649235515749123,0.211681441994698,0.310196244871209,0.691465726257214,0.825753026753268,0.731182245085048,"W10004_1105/PHK76",16,5
"109",109,0.0579508098525037,0.217445411443074,0.318719821590007,0.693012672813085,0.818784082593544,0.751477203307086,"W10004_0614/PHK76",17,5
"110",110,0.0607978681025248,0.200066312961756,0.301976581346062,0.672901570425947,0.839167642663488,0.732559300296157,"W10004_0768/PHK76",18,5
"111",111,0.0628653917514297,0.194154307137188,0.298398124836397,0.690017929711469,0.853085226862345,0.721976658124676,"W10004_0501/PHK76",19,5
"112",112,0.0587647644466944,0.212028396995798,0.311843723010666,0.684583821826222,0.822152830746648,0.738651220836692,"W10004_0969/PHK76",20,5
"113",113,0.0595335529504975,0.193113436809447,0.301357087524954,0.694274705205271,0.860023335480484,0.729017328878211,"W10004_0792/PHK76",21,5
"114",114,0.0638149345631615,0.182407432426758,0.291501459370767,0.682191178413545,0.877743633705216,0.716753007167746,"W10004_0624/PHK76",22,5
"115",115,0.0669213586404795,0.212671615164492,0.305329983319664,0.659749423995568,0.813515346139864,0.727531653628792,"W10004_0799/PHK76",23,5
"116",116,0.0627105542709887,0.205539879002887,0.306749155245186,0.677892263263995,0.83335056142775,0.733493121800505,"W10004_0680/PHK76",23,6
"117",117,0.0615140923171907,0.224758112486071,0.307382571649364,0.641949766733331,0.777828509306483,0.752069559867947,"W10004_0784/PHK76",22,6
"118",118,0.0569165243784393,0.22842139182199,0.320834333814968,0.667369716789056,0.781566356785062,0.751274083042311,"TX714/TX779",21,6
"119",119,0.0619810984923125,0.215464594569011,0.318581898998909,0.704952386817556,0.821890140023012,0.739579393508978,"W10004_0661/PHK76",20,6
"120",120,0.058735368715639,0.235372105981865,0.32656221276452,0.679083023031539,0.770316235621368,0.758478106716457,"REDEAR/LH195",19,6
"121",121,0.0640224066249429,0.235225524567993,0.328022768236722,0.689398945465369,0.77993198489363,0.74435866744777,"W10004_0756/PHK76",18,6
"122",122,0.0620813966677216,0.189764615968868,0.296030115120334,0.677658710998283,0.860035268750853,0.723919251788115,"W10004_0814/PHK76",17,6
"123",123,0.0681764342861327,0.156661774409411,0.277954103920796,0.694019261106627,0.936874093265159,0.687764963698565,"W10004_0006/PHK76",16,6
"124",124,0.0655291606569373,0.187091498550609,0.294647589872241,0.674074388187791,0.87339810392399,0.709613119302566,"W10004_0119/PHK76",15,6
"125",125,0.0622027646761842,0.196525422050764,0.298510426269707,0.671189010817809,0.850769914355288,0.724649409413766,"W10004_0178/PHK76",14,6
"126",126,0.0585636591927321,0.224080842356413,0.316242310015929,0.670444465550843,0.799976495640693,0.747691854202659,"W10004_0922/PHK76",13,6
"127",127,0.0644858877097157,0.19876612917204,0.300320009688136,0.663020904972634,0.845587594042214,0.716102281358368,"W10004_0974/PHK76",12,6
"128",128,0.0681055053060497,0.153865889495003,0.272765980864776,0.67685997067212,0.937637351765834,0.674906900101551,"W10004_0702/PHK76",11,6
"129",129,0.0662050218683679,0.180638101224577,0.285288642421831,0.655825593098101,0.879384148300446,0.697367089882887,"W10004_0010/PHK76",10,6
"130",130,0.0654153010154055,0.181405635820177,0.28735766313445,0.665896036671541,0.883364458838413,0.699779261305174,"W10004_0212/PHK76",9,6
"131",131,0.0684469685851754,0.186574525412255,0.298941978905668,0.693042148220478,0.886094243415921,0.691190726384645,"W10004_0896/PHK76",8,6
"132",132,0.0655542360080012,0.159424445754159,0.272930146233475,0.665702700806784,0.922229627349653,0.678046709233644,"W10004_0203/PHK76",7,6
"133",133,0.0597091028721523,0.17619743240003,0.286443665742852,0.675781696343104,0.890101300756544,0.705342860742199,"W10004_0346/PHK76",6,6
"134",134,0.0564322898661649,0.210098828558028,0.308126965203215,0.664116852179194,0.8205774660732,0.737674373409149,"W10004_0787/PHK76",5,6
"135",135,0.0544750938522466,0.232448700082869,0.325745931316489,0.680473687879874,0.782196744289647,0.759845484305063,"W10004_0116/PHK76",4,6
"136",136,0.0577861006629309,0.220038453842408,0.316654837136261,0.683685700472523,0.805685016324475,0.750099707841213,"W10004_0396/PHK76",3,6
"137",137,0.0642323725184733,0.207971432247332,0.308444464945245,0.690842123373416,0.831379999222095,0.72751603614159,"W10004_0637/PHK76",2,6
"138",138,0.0631095958250598,0.202669555173618,0.306606654763511,0.682907097592486,0.841354562375213,0.717967731139853,"W10004_0745/PHK76",1,6
"139",139,0.0618852597783474,0.179583996429618,0.289498177351033,0.672254458143633,0.882885447714251,0.703492705812018,"W10004_0505/PHK76",1,7
"140",140,0.062920611523781,0.163466828187594,0.278690215384221,0.68263366929906,0.920932126194939,0.698825293555362,"W10004_0097/PHK76",2,7
"141",141,0.0755820273911966,0.137037124542916,0.263356164301729,0.693914055874958,0.980932917044235,0.662579591599844,"W10004_0467/PHK76",3,7
"142",142,0.0732021322099663,0.155779825897564,0.275355929134662,0.686112952884271,0.937952874604151,0.676664258213519,"W10004_0807/PHK76",4,7
"143",143,0.0743403919702557,0.196863257554658,0.306961297419223,0.703691582225523,0.866365354972669,0.704700159717203,"W10004_0963/PHK76",5,7
"144",144,0.0673594776003773,0.200802863454106,0.305050679739717,0.69536011282805,0.847763056319071,0.723357546257265,"W10004_0217/PHK76",6,7
"145",145,0.0617450914960102,0.192423546147774,0.295127267563139,0.676692475380936,0.854739014643245,0.729824818907098,"B73/MO17",7,7
"146",146,0.0591995427181238,0.216091773446129,0.314288124357518,0.680224669202449,0.816273594103638,0.736312110751925,"PHG39/PHN82",8,7
"147",147,0.0573857400556455,0.198868005132345,0.298313080210354,0.66322536038994,0.842213213376649,0.731512542033383,"W10004_0843/PHK76",9,7
"148",148,0.057340242501497,0.178595174524363,0.29073459012964,0.680144057973337,0.890492861346804,0.711171740909129,"W10004_0197/PHK76",10,7
"149",149,0.069462096832821,0.128056950004859,0.252960017366155,0.673057817372183,0.986072836976883,0.651830299122007,"TX110/87916",11,7
"150",150,0.0613498251116353,0.188503594610076,0.297778113146443,0.677042916385963,0.872414576836456,0.700208985275181,"W10004_0474/PHK76",12,7
"151",151,0.0615833322414507,0.167446922185828,0.279814325396004,0.666848590101579,0.909335971096959,0.686055773656142,"LH195/TX779",13,7
"152",152,0.0642055189104424,0.161246569953487,0.273818609494175,0.651981032505423,0.916806994812324,0.680082425766747,"W10004_0306/PHK76",14,7
"153",153,0.0597355637676959,0.181385324073107,0.291394019538884,0.67059259233221,0.882546129086051,0.704315471101148,"W10004_0943/PHK76",15,7
"154",154,0.0602921098174795,0.181437268348333,0.28825473665036,0.662052031751757,0.876053913317038,0.709030589276783,"W10004_0309/PHK76",16,7
"155",155,0.0623319129178458,0.189890765800384,0.294349912029175,0.669724180467935,0.866421566109112,0.715473287126053,"W10004_0427/PHK76",17,7
"156",156,0.0635201976748939,0.199226576958361,0.297866440588039,0.663905729359119,0.845751914146806,0.722997053276264,"W10004_0819/PHK76",18,7
"157",157,0.0628967707520993,0.209508294871207,0.30385156131526,0.657657379842239,0.823354784227263,0.733988085045318,"W10004_0192/PHK76",19,7
"158",158,0.0644619431276098,0.192384418795898,0.295546153818711,0.66688580825997,0.857259808876005,0.71442600729538,"W10004_0996/PHK76",20,7
"159",159,0.0612136453138151,0.203957322464109,0.305836563325967,0.678750660542391,0.838151715975033,0.730976939035236,"W10004_0783/PHK76",21,7
"160",160,0.0647661172800865,0.236897163207698,0.328081020814915,0.68486902159886,0.779982502204858,0.745202991321822,"W10004_0840/PHK76",22,7
"161",161,0.0658063256649077,0.198108643127032,0.304382748990551,0.697515492500614,0.854545947091215,0.724504847489907,"W10004_0848/PHK76",23,7
"162",162,0.0583868983486837,0.239156692213859,0.3270205754743,0.676342255581697,0.765688492893267,0.763886609989014,"W10004_0707/PHK76",23,8
"163",163,0.0558671410563317,0.234340902921372,0.32453625253022,0.672911881339823,0.775255556015732,0.759719685665743,"W10004_0935/PHK76",22,8
"164",164,0.0637969475655033,0.223699537214451,0.312687216130834,0.657453954540198,0.788388646766112,0.738879340648497,"W10004_0073/PHK76",21,8
"165",165,0.0682094928467504,0.191358854863968,0.296586782312409,0.681199224136452,0.861959781142042,0.713180721482924,"W10004_0914/PHK76",20,8
"166",166,0.0657537166475079,0.190093904258245,0.299285316137767,0.692116133039003,0.866458563005022,0.712184034948779,"B37/MO17",19,8
"167",167,0.0627840021046882,0.239568448408505,0.329266641020197,0.674831661620978,0.770160502585874,0.74209246172858,"W10004_0913/PHK76",18,8
"168",168,0.0614289652963043,0.214477562801832,0.312293567209074,0.680269501380857,0.818845520138595,0.73183436224587,"W10004_0045/PHK76",17,8
"169",169,0.0631250650047817,0.198468338914301,0.301414970328275,0.683995679589479,0.847895794871212,0.720062379668125,"TX777/LH195",16,8
"170",170,0.0599142012314814,0.199113412783879,0.300341959434854,0.669973711762941,0.842281348559537,0.727560781888307,"W10004_0953/PHK76",15,8
"171",171,0.0613049316590992,0.197819298509757,0.296007042674415,0.655804519653001,0.837200319600564,0.730489533498211,"F42/OH43",14,8
"172",172,0.0672370429352817,0.224997082254616,0.316830374963823,0.674549914735768,0.798726866156326,0.736100892981877,"W10004_0115/PHK76",13,8
"173",173,0.0586537537510701,0.205029035391211,0.300830829074434,0.655014698814391,0.821628809510761,0.7398142366424,"W10004_0806/PHK76",12,8
"174",174,0.0567294862735425,0.220853498723481,0.314263757025733,0.667860847276388,0.794888125111378,0.753797415770655,"TX779/LH195",11,8
"175",175,0.064283211715342,0.209080550506992,0.309575469614726,0.685958553851465,0.832369098223172,0.732273202323633,"W10004_0224/PHK76",10,8
"176",176,0.064152955054101,0.197771531202137,0.299702036349973,0.675060286219702,0.848342836739881,0.728159104112506,"W10004_0068/PHK76",9,8
"177",177,0.062659262861867,0.215435147011457,0.309666500105054,0.663936916213185,0.812236210811627,0.734629835538869,"W10004_0403/PHK76",8,8
"178",178,0.0593199533436959,0.195909747926844,0.293266929741783,0.650707928845076,0.840502607217294,0.7297449442536,"PHW52/PHN82",7,8
"179",179,0.0583842719992948,0.223392436710288,0.310921946639544,0.646202854532891,0.788229510312691,0.746942758145851,"W10004_1063/PHK76",6,8
"180",180,0.0657764616048068,0.19016472549125,0.292615016830937,0.657421694300044,0.865371994407607,0.709473541496069,"W10004_0965/PHK76",5,8
"181",181,0.0585803432608659,0.192351016592045,0.2910654934806,0.645609857181429,0.850570661016731,0.729475978288624,"W10004_0760/PHK76",4,8
"182",182,0.0604978917881294,0.190534640732023,0.291675367053935,0.652601247103862,0.858951316198534,0.717013779680054,"W10004_0154/PHK76",3,8
"183",183,0.0558363971946382,0.214773350854443,0.305109529309851,0.642496146818377,0.804772542271376,0.738353484759149,"W10004_0729/PHK76",2,8
"184",184,0.0584715386369948,0.196139577229286,0.293196542988542,0.645180042174963,0.840580392025692,0.722787981883174,"W10004_0795/PHK76",1,8
"185",185,0.0586342205121431,0.188217699805875,0.295048965108995,0.668145482896819,0.867344048261057,0.71964135641078,"W10004_0092/PHK76",1,9
"186",186,0.0572033986672941,0.199230656064124,0.299643268246047,0.660437192710566,0.841730133313373,0.726693156642167,"W10004_0381/PHK76",2,9
"187",187,0.0618235834452629,0.193254866110985,0.299859870257923,0.678061621944958,0.864007522563275,0.708284638010433,"W10004_0837/PHK76",3,9
"188",188,0.0631051155482168,0.173603648629194,0.278974687014037,0.658622466235024,0.889142464733984,0.705514910847976,"W10004_0830/PHK76",4,9
"189",189,0.0569853774363686,0.193220908125867,0.297708812240881,0.67252914265842,0.854431555108485,0.729108473168257,"W10004_0800/PHK76",5,9
"190",190,0.0646699764873452,0.193525704621545,0.300780867378105,0.696166407179296,0.865842187781379,0.724477624279943,"W10004_0650/PHK76",6,9
"191",191,0.0623295924286921,0.195968496778911,0.305284172032748,0.706304082700737,0.860036745318387,0.741035804394969,"W10004_0095/PHK76",7,9
"192",192,0.0702134520428337,0.189136921630358,0.301533655938411,0.71431900422699,0.883206896987522,0.711211061653731,"PHW52/PHM49",8,9
"193",193,0.0657357858099596,0.197823032110842,0.304231353745923,0.693960442717549,0.850328858229318,0.730976413988415,"W10004_0754/PHK76",9,9
"194",194,0.07430089962529,0.157898869635471,0.279334716549307,0.699916751044122,0.933923966108815,0.685282056154237,"W10004_0292/PHK76",10,9
"195",195,0.0770963926196147,0.162506490746646,0.279526616388723,0.683611554684659,0.922128691520738,0.679021544726005,"W10004_0727/PHK76",11,9
"196",196,0.0851815024119792,0.155404102975618,0.276333616974847,0.691479268834981,0.945738971965894,0.662037324929588,"W10004_0930/PHK76",12,9
"197",197,0.0929859814881508,0.132725747783926,0.258493294708157,0.683270707059904,0.986800637959234,0.640182243955893,"W10004_1002/PHK76",13,9
"198",198,0.0843591246691281,0.149137588517649,0.27625573719698,0.706224612398958,0.959924488252397,0.65799429447167,"W10004_0194/PHK76",14,9
"199",199,0.0738499597801859,0.184029204283578,0.300053473832602,0.713327428893687,0.888608235193186,0.704792548696485,"W10004_0383/PHK76",15,9
"200",200,0.0652765575578924,0.179843585732152,0.29393335910615,0.709782869772686,0.888734622286354,0.725792502096625,"W10004_0106/PHK76",16,9
"201",201,0.0652433683012157,0.191394446905664,0.301140966569778,0.711808593637263,0.868825738655168,0.73398872236819,"W10004_0148/PHK76",17,9
"202",202,0.0607520039276064,0.230892182066907,0.323742150258245,0.686661182743986,0.786024113554068,0.763750700791152,"W10004_0380/PHK76",18,9
"203",203,0.0645245411255928,0.199345103050598,0.300151778890804,0.688261466496574,0.85031744541868,0.732786120030868,"W10004_0916/PHK76",19,9
"204",204,0.0593690588695636,0.189071529119915,0.295203774616141,0.678808833288334,0.863602677106392,0.722623289894382,"W10004_0704/PHK76",20,9
"205",205,0.0602342053724031,0.187783965873081,0.294815144408766,0.676855080102842,0.869325013256781,0.717126784666064,"W10004_0877/PHK76",21,9
"206",206,0.0610536998478802,0.184102735972326,0.291358290856109,0.676699157646732,0.875955448017894,0.710570579490992,"W10004_0751/PHK76",22,9
"207",207,0.0654433893517394,0.174589197783403,0.285949353025517,0.688347235670585,0.904553090694592,0.698631019989569,"W10004_1037/PHK76",23,9
"208",208,0.0647381431043939,0.200527330371903,0.300323307949805,0.665543657397858,0.845773063518385,0.712480413052907,"B73/PHM49",23,10
"209",209,0.0630296767584135,0.177184772206426,0.285659336032499,0.662747356903753,0.886272123117368,0.695541986145506,"W10004_0713/PHK76",22,10
"210",210,0.0662160724526958,0.176644214370176,0.285404694422541,0.667164686980784,0.888031367305246,0.690652405703032,"W10004_0868/PHK76",21,10
"211",211,0.0704325793948803,0.169811175046306,0.279881165372261,0.660054784562378,0.905767596054411,0.679768738490614,"W10004_0055/PHK76",20,10
"212",212,0.0657059704825362,0.188116373770629,0.292116186735034,0.661789158316086,0.863738493928456,0.707810139094518,"W10004_0031/PHK76",19,10
"213",213,0.0606264671682481,0.197189793898438,0.300275932871721,0.667648748983809,0.851690333752129,0.720850312450047,"W10004_0794/PHK76",18,10
"214",214,0.0618281856294869,0.181476114886752,0.287156240036569,0.658171703260428,0.872900030049514,0.712724971896074,"B73/TX779",17,10
"215",215,0.0606077851252596,0.214374349671246,0.306710049665117,0.647711399531291,0.806490175203754,0.725088189416087,"W10004_1020/PHK76",16,10
"216",216,0.0652840137926258,0.193457556498693,0.299879551794563,0.683515196539894,0.861325644330694,0.711472382124865,"PB80/TX779",15,10
"217",217,0.0643316385203437,0.2078291806452,0.307825255988686,0.68092746672608,0.832755510552557,0.727832124666513,"W10004_0140/PHK76",14,10
"218",218,0.0562913704654758,0.222390500777388,0.315383945744948,0.666742537617317,0.794511264461467,0.749462274529386,"W10004_0242/PHK76",13,10
"219",219,0.0544931871211109,0.238798997177893,0.325420884985132,0.659676729438766,0.760640472451687,0.762823815228261,"W10004_0685/PHK76",12,10
"220",220,0.0604635552002163,0.20494307981128,0.301900756813592,0.661101630787227,0.826331474094321,0.730480941900758,"W10004_0646/PHK76",11,10
"221",221,0.0606763449329262,0.209312481127929,0.307461566137345,0.667955758631882,0.822734040056793,0.733335438065078,"W10004_0070/PHK76",10,10
"222",222,0.0616804548671455,0.193781903592727,0.295817994134941,0.656961788092877,0.84747654039189,0.725876088980577,"W10004_0982/PHK76",9,10
"223",223,0.0629800875337174,0.166084449201829,0.277940833991012,0.671980297443353,0.909487054007702,0.699996098909733,"W10004_0815/PHK76",8,10
"224",224,0.0662820360424723,0.200206385573337,0.300479962297381,0.67471464055728,0.843125842176889,0.711203692338598,"W10004_0928/PHK76",7,10
"225",225,0.0650109932661989,0.182029479075559,0.286786717651246,0.660657861522043,0.871142717264131,0.697342667109302,"W10004_0644/PHK76",6,10
"226",226,0.058555138226414,0.186007871551971,0.290861749697997,0.659360214140883,0.861475876597649,0.714600818534225,"W10004_0149/PHK76",5,10
"227",227,0.063886856686156,0.196431425080553,0.296219635693877,0.657942551621625,0.840013505489152,0.716584059224911,"2369/LH123HT",4,10
"228",228,0.0623783310560658,0.196795320201013,0.301033953684813,0.675470699792767,0.849017881274838,0.714720558498947,"W10004_0712/PHK76",3,10
"229",229,0.0587504340486691,0.220498793926028,0.316086252036936,0.673891067397791,0.801732174558879,0.742083846425528,"B14A/OH43",2,10
"230",230,0.0551853111386756,0.211601572095882,0.309040669467931,0.659160062369174,0.809961593963782,0.73504461414984,"W10004_1064/PHK76",1,10
"231",231,0.0571230190419924,0.232258656465448,0.323055628786048,0.667287890613862,0.774251326876681,0.748826901979125,"W10004_0866/PHK76",1,11
"232",232,0.0683058352570918,0.179113490399596,0.288624086938059,0.683374013234006,0.882314737199594,0.706299560726107,"W10004_0651/PHK76",2,11
"233",233,0.0636501109578949,0.201051166553351,0.308321094115279,0.693656914665343,0.842576601703322,0.724215451167861,"W10004_0190/PHK76",3,11
"234",234,0.0641526253917421,0.189259509174379,0.297656631224106,0.676188261443514,0.861301433702763,0.702510004752209,"W10004_0682/PHK76",4,11
"235",235,0.0668884323854002,0.171783901493628,0.283711231910567,0.667995108129981,0.894919289783075,0.694198612746371,"W10004_0988/PHK76",5,11
"236",236,0.0635904119668148,0.187509324523143,0.298061071311345,0.689418799167362,0.871591064509642,0.704871665543709,"W10004_0122/PHK76",6,11
"237",237,0.0647221296132631,0.182064253255215,0.288206897251397,0.662099382650765,0.874230502352702,0.707693284121194,"W10004_0153/PHK76",7,11
"238",238,0.0671378887834021,0.16510118754086,0.281437005366219,0.678612749335208,0.911990425225761,0.686991527329801,"W10004_0669/PHK76",8,11
"239",239,0.0668670579896965,0.175796129669739,0.284785509612104,0.666308807642325,0.889478037896953,0.695282700495173,"W10004_0268/PHK76",9,11
"240",240,0.0650567251061653,0.169817702463951,0.286800310296887,0.691330907544363,0.911085035893238,0.690609944215711,"W10004_0071/PHK76",10,11
"241",241,0.0611912532461789,0.185548289381498,0.293610313929714,0.672737572077928,0.872689196785178,0.706377506860216,"W10004_0064/PHK76",11,11
"242",242,0.0582098185718212,0.199504124827434,0.299939738935559,0.662439765457945,0.840043713196017,0.725568893094736,"W10004_0771/PHK76",12,11
"243",243,0.0611927181476311,0.179456650923117,0.289832422758605,0.674914383178761,0.886611715964595,0.702731056729894,"F42/MO17",13,11
"244",244,0.0656995692863698,0.158323945805087,0.273661631198641,0.675476188700891,0.926947208061618,0.682277622678643,"W10004_0818/PHK76",14,11
"245",245,0.0616546858089512,0.192268128394116,0.299187905622064,0.688004760059992,0.86203108632339,0.717877837537114,"W10004_0059/PHK76",16,11
"246",246,0.0613268006959604,0.20628896754356,0.311819018777642,0.704822475310777,0.8401465938161,0.739641157474465,"B14A/MO17",17,11
"247",247,0.0628674442984625,0.191241167342089,0.302121422435305,0.707636390424924,0.865644669545523,0.73525261866482,"CG119/CG108",18,11
"248",248,0.0641798295179011,0.179935168774689,0.295270091686427,0.712487232539475,0.890065285283975,0.723506905094312,"W10004_0836/PHK76",19,11
"249",249,0.0688836059326468,0.170576198631509,0.287890826010166,0.710275733925885,0.908446515345766,0.71137445436819,"W10004_0476/PHK76",20,11
"250",250,0.069929214697181,0.195860991991842,0.304134566863315,0.707037759979225,0.864244072041466,0.71858569066139,"B37/H95",21,11
"251",251,0.0771877597932626,0.155975189197744,0.279168283822382,0.699850399640719,0.942931150457667,0.675801957416313,"W10004_0802/PHK76",22,11
"252",252,0.0829565951958797,0.132767968515694,0.261525077622164,0.693770905008442,0.989883170814686,0.643981208284285,"W10004_0099/PHK76",23,11
"253",253,0.0796239233179747,0.158815025460764,0.275530974057634,0.682995952712115,0.931618866460395,0.675951842017655,"TX779/LH195",23,12
"254",254,0.0765949998715038,0.152616795310998,0.275921826309267,0.702563995928529,0.94842979906672,0.676827981162558,"W10004_1099/PHK76",22,12
"255",255,0.0742659006537692,0.158483254185419,0.283311607917471,0.71883166585522,0.938640372946549,0.685751964761112,"CG44/CGR01",21,12
"256",256,0.0786080517332654,0.144248877479724,0.275286038375339,0.737674102114237,0.972325505747051,0.671566440195753,"W10004_0847/PHK76",20,12
"257",257,0.0718940642667061,0.178700775222761,0.296451599143852,0.727017059318888,0.904805294719506,0.705992627666031,"W10004_0914/PHK76",19,12
"258",258,0.0697468214322285,0.161896633268421,0.284226117910816,0.71961730680864,0.9300194422772,0.704013729485703,"W10004_0834/PHK76",18,12
"259",259,0.0638211777695551,0.182609871178227,0.295459108661324,0.701057774282372,0.882641585408823,0.71963648597516,"W10004_0412/PHK76",17,12
"260",260,0.0682875805175143,0.145567419197071,0.268562801946592,0.687917547646092,0.953752612080563,0.671914996495084,"W10004_0935/PHK76",16,12
"261",261,0.0686651200523933,0.149549171160503,0.267781149562565,0.670757314249656,0.941760791833661,0.673961746260907,"W10004_0018/PHK76",15,12
"262",262,0.0674502388199615,0.17022832190337,0.286340089672068,0.683779064909323,0.91033432656256,0.685829153268916,"W10004_0723/PHK76",13,12
"263",263,0.07440867337289,0.130901314024006,0.256870047085729,0.676556562299101,0.983321073419688,0.653365329634023,"W10004_1156/PHK76",12,12
"264",264,0.0853747457719052,0.085401977892629,0.228327626808923,0.685513200233752,1.08282744488244,0.595876262403993,"W10004_0885/PHK76",11,12
"265",265,0.0753600485285172,0.148312975174362,0.267510388220499,0.671644116921546,0.946610970813402,0.657266236086477,"W10004_0697/PHK76",10,12
"266",266,0.0732109168992311,0.150766275884623,0.272066021645382,0.68120495285307,0.944222286198853,0.668966352571173,"W10004_0121/PHK76",9,12
"267",267,0.0762919105298409,0.184187752000742,0.297085060448272,0.689927191071954,0.889020672933496,0.693865572263325,"W10004_0166/PHK76",8,12
"268",268,0.0761039043137685,0.169791369212006,0.284933873981185,0.683714084043524,0.907774007422214,0.6843550286051,"W10004_0658/PHK76",7,12
"269",269,0.0695332754740331,0.173000355197688,0.286507030426948,0.677626828217224,0.896510292533082,0.696932110890217,"W10004_0200/PHK76",6,12
"270",270,0.0768128069535334,0.151302357328509,0.275497843969512,0.694128461156988,0.94631002883604,0.668005163392599,"W10004_0039/PHK76",5,12
"271",271,0.0717210243665987,0.180682928194142,0.292849996466491,0.689896895179268,0.88583579944314,0.699143337895277,"W10004_0951/PHK76",4,12
"272",272,0.0801936536159261,0.179354716593252,0.297326255221896,0.722744645386354,0.904343733489032,0.693085987498386,"W10004_0161/PHK76",3,12
"273",273,0.0706986292645703,0.180254093681316,0.296022125116397,0.722515629722844,0.897061822816059,0.707785663422118,"W10004_0035/PHK76",2,12
"274",274,0.066374818883029,0.185260070205879,0.299336017821798,0.721054783138527,0.881473793376424,0.717591321641229,"W10004_0185/PHK76",1,12
"275",275,0.0621507109183559,0.210710019930997,0.306666454803331,0.664391002242955,0.813866853196802,0.729131554730547,"PB80/TX779",1,13
"276",276,0.0704034803173185,0.180677010996665,0.296630167052784,0.715728600535736,0.894677693729174,0.699321737732231,"W10004_0362/PHK76",2,13
"277",277,0.0657356168009198,0.189585735125224,0.298971578114357,0.692371469670295,0.866813156454327,0.712838254495599,"W10004_0913/PHK76",3,13
"278",278,0.0645819415897532,0.179928482246113,0.288264070212569,0.684759772208691,0.879838278928046,0.714004604524151,"W10004_0667/PHK76",4,13
"279",279,0.0650557551934527,0.16850861265345,0.283491490172567,0.682336714716149,0.905463829937946,0.69179211546122,"W10004_0774/PHK76",5,13
"280",280,0.0698199011734682,0.181130638748742,0.294700374268476,0.700827553191452,0.891254147901577,0.686739204324669,"W10004_0628/PHK76",6,13
"281",281,0.0748856222158074,0.149454531992554,0.273276122227448,0.710518687407329,0.953009856397934,0.675501826278414,"W10004_0412/PHK76",7,13
"282",282,0.0663509811245146,0.170923310401051,0.279713247660617,0.663329778526254,0.889684719647776,0.70423368625829,"W10004_0308/PHK76",8,13
"283",283,0.0691921391463136,0.171895561913325,0.288304475984338,0.696870293735415,0.900282691607579,0.70491555440731,"LH195/TX779",9,13
"284",284,0.0709316954492682,0.179632591390675,0.293920137815273,0.703956997444074,0.890064938574515,0.702628325281718,"W10004_1002/PHK76",10,13
"285",285,0.0703186704403111,0.174394864744789,0.293092399190748,0.719008897413723,0.908048722554333,0.701927127826153,"W10004_0844/PHK76",11,13
"286",286,0.0617434242405288,0.198669917378627,0.301758469003188,0.680285142318118,0.839819025369602,0.730714785783207,"LH82/TX779",12,13
"287",287,0.0666558730478727,0.194964964167479,0.305004186464026,0.713249101142731,0.862224160419569,0.720689597389708,"W10004_0152/PHK76",13,13
"288",288,0.0731389942633695,0.184850029113213,0.301415603884566,0.722208722672006,0.881011088239453,0.703989233579919,"W10004_1011/PHK76",14,13
"289",289,0.0764323021413793,0.177757946224437,0.297075377326947,0.725009087017948,0.903570140233176,0.697972623750287,"W10004_0116/PHK76",15,13
"290",290,0.0725187678196527,0.18067615818048,0.29386376183557,0.692038523828578,0.886790221548335,0.697817958744102,"W10004_0646/PHK76",16,13
"291",291,0.0866059354013057,0.143693656812318,0.267629003774192,0.688478508236212,0.961344439545111,0.656884971231089,"W10004_0830/PHK76",17,13
"292",292,0.0682967152216887,0.190427784746187,0.297100645997315,0.672699738493008,0.860318823613901,0.715066976501986,"W10004_0133/PHK76",18,13
"293",293,0.0698492067225987,0.179547080940435,0.29013731343674,0.6784544878206,0.882251200326256,0.710417530169711,"W10004_0920/PHK76",19,13
"294",294,0.0883248248522539,0.139010860394303,0.265112848049949,0.682359557719955,0.973484226842489,0.644516503318674,"W10004_0026/PHK76",20,13
"295",295,0.0773369950028609,0.166922249330902,0.280594353770883,0.668787161643405,0.909257235903263,0.673903438062525,"W10004_0951/PHK76",21,13
"296",296,0.102215791547119,0.0652258877195616,0.2151136995971,0.686774593244233,1.12578607410084,0.560816301960631,"B73/MO17",22,13
"297",297,0.0740551834114151,0.144864601815727,0.26531643409806,0.669933135672909,0.954145696932567,0.662569639974643,"CG44/CGR01",23,13
"298",298,0.0722187159788287,0.144886343288423,0.26616047781698,0.677481912448111,0.953949650839949,0.667609444715559,"W10004_0206/PHK76",23,14
"299",299,0.07375170772683,0.144505753474527,0.267918041766963,0.686684876770896,0.962085856216239,0.663205164450013,"W10004_0823/PHK76",22,14
"300",300,0.074920821709815,0.141802715321995,0.265984881262096,0.686775302107842,0.965383114147587,0.660243520104866,"W10004_0938/PHK76",21,14
"301",301,0.0701720164491528,0.142678451934505,0.267054395200477,0.689722120004877,0.96035005335236,0.669160730748638,"W10004_0127/PHK76",20,14
"302",302,0.0675447804804535,0.165626131593196,0.285267297210363,0.703049641615057,0.918803757067233,0.692388782114847,"W10004_0705/PHK76",19,14
"303",303,0.0680711684324923,0.18385322742062,0.298592795042633,0.713982869536049,0.886349426863234,0.713502248339992,"W10004_0394/PHK76",18,14
"304",304,0.0702318422450164,0.179383241599763,0.293830085848288,0.717408475731546,0.894887118712128,0.715228590113198,"W10004_0727/PHK76",17,14
"305",305,0.0683795484803706,0.172265102018283,0.290062662764321,0.716475039480238,0.907012101022718,0.706590048265584,"W10004_0299/PHK76",16,14
"306",306,0.0709607300804249,0.167861691012897,0.287407474289013,0.705800687134735,0.913924855326562,0.692619711939547,"W10004_0626/PHK76",15,14
"307",307,0.0661950734164398,0.175453735939753,0.289798937169736,0.694225082411105,0.897863631986505,0.711123883446904,"W10004_0253/PHK76",14,14
"308",308,0.0760017713266894,0.146188979564312,0.271850593524516,0.694949911673665,0.958340955148627,0.672658156302551,"W10004_0842/PHK76",13,14
"309",309,0.0860354328522522,0.131566876601531,0.262335135872137,0.699011812678363,0.993057617238109,0.643418782131226,"W10004_1081/PHK76",12,14
"310",310,0.0751591987898369,0.144247864044497,0.268835786169364,0.697840695237644,0.958823063979056,0.674108017171431,"W10004_0086/PHK76",11,14
"311",311,0.0718310796293801,0.167529461215849,0.290559702973988,0.722010537551026,0.922127225503115,0.68975385249001,"W10004_0997/PHK76",10,14
"312",312,0.0736325896049532,0.171179447427496,0.2928868705661,0.730814183686505,0.913134505831442,0.7074365835218,"W10004_0220/PHK76",9,14
"313",313,0.0784716139673745,0.163447530633298,0.288173133281271,0.743597721172414,0.937840656330334,0.698882695067207,"W10004_0042/PHK76",8,14
"314",314,0.0734007372385914,0.171735253208366,0.289808640127564,0.712509769456132,0.90941642389003,0.703119985939394,"W10004_0751/PHK76",7,14
"315",315,0.0733550629982403,0.168578866521025,0.288393204158248,0.715044184631997,0.917673054871859,0.692772892930774,"W10004_0238/PHK76",6,14
"316",316,0.0799947206381124,0.116869886322419,0.249922664090561,0.697947327446197,1.01617094352048,0.641318222409893,"W10004_0138/PHK76",5,14
"317",317,0.084566066987461,0.132609969884449,0.257882004361323,0.682790976995606,0.982268408142068,0.644728445940628,"W10004_1117/PHK76",4,14
"318",318,0.0893780278286389,0.122988156244165,0.254433366604751,0.690597950338225,1.00903522386679,0.629147468668923,"W10004_0106/PHK76",3,14
"319",319,0.0795791385454997,0.13749815890852,0.263131067483051,0.683369524309302,0.97427384989897,0.651196167357128,"W10004_0150/PHK76",2,14
"320",320,0.0808084588832968,0.124407467194759,0.253897164964137,0.68343317993849,1.00082370416004,0.639202669816364,"W10004_0395/PHK76",1,14
"321",321,0.088086424273423,0.138877740282939,0.261646140228937,0.674737245325706,0.967567932621773,0.649766758367049,"F42/H95",1,15
"322",322,0.0854092996601361,0.147675470507266,0.270846968489642,0.69635368866393,0.955633103117223,0.657605243820645,"W10004_0467/PHK76",2,15
"323",323,0.0893641435023139,0.166495436234509,0.287914738930996,0.703652026119556,0.926248336784293,0.662570597095688,"W10004_0011/PHK76",3,15
"324",324,0.0916532949546659,0.146024345623591,0.27191161856594,0.700768505659258,0.961604950126367,0.65112555620311,"W10004_0956/PHK76",4,15
"325",325,0.0904405696629043,0.13550363966718,0.264807093691682,0.695176931556104,0.977804545409288,0.641567674458568,"W10004_0982/PHK76",5,15
"326",326,0.0970212311041971,0.132198293501323,0.26579402788993,0.716695815683947,0.996263857572043,0.635624313707132,"W10004_0223/PHK76",6,15
"327",327,0.0890472428805582,0.159721648925543,0.282396287719094,0.713200285848645,0.935960267070213,0.674356743491454,"W10004_0013/PHK76",7,15
"328",328,0.0923816524411534,0.164437566284812,0.291177733956317,0.741617045721459,0.942778856933237,0.670485640081977,"W10004_0789/PHK76",8,15
"329",329,0.0862435140584013,0.165435739686758,0.290844377433765,0.735251507662993,0.930720916145099,0.681199340460036,"W10004_0620/PHK76",9,15
"330",330,0.0732928288813487,0.206855411289674,0.319029130147054,0.733857977407795,0.851629461580077,0.722236858317799,"W10004_0262/PHK76",10,15
"331",331,0.0683663903715357,0.185586759335375,0.297808012566361,0.709842727809288,0.874716932634035,0.726277511495194,"W10004_0146/PHK76",11,15
"332",332,0.0795137398490803,0.168405331496764,0.290812259303017,0.731489009886158,0.92389586354646,0.687104920324878,"TX110/87916",12,15
"333",333,0.0762650201206654,0.173993934933828,0.291365443245382,0.704444619019456,0.903475845024032,0.691667500633613,"W10004_0695/PHK76",13,15
"334",334,0.0865938646579452,0.12715753576895,0.263854837532734,0.731651156960238,1.00909890945485,0.642072477194943,"W10004_0856/PHK76",14,15
"335",335,0.0697906741083729,0.165809420948255,0.288816008612205,0.709414934867133,0.923101021979931,0.690224849118356,"W10004_1112/PHK76",15,15
"336",336,0.0779137290606536,0.170570357262937,0.289118691925267,0.71261069658239,0.913498570572744,0.683790009942375,"W10004_1099/PHK76",16,15
"337",337,0.0995336545424969,0.0993178041109633,0.241796645737885,0.72353206779791,1.0625459425917,0.600359625499103,"W10004_0148/PHK76",17,15
"338",338,0.0974060951158364,0.0963433148437091,0.239999618061256,0.719523899586353,1.06423549287549,0.6109809498151,"W10004_0682/PHK76",18,15
"339",339,0.0941788014505154,0.10998860292199,0.249486464057811,0.712541360786438,1.03567463090878,0.620736653898127,"W10004_0859/PHK76",19,15
"340",340,0.105098777961901,0.0714490520320429,0.225261650313861,0.730428710591405,1.12269623868619,0.577149423920987,"W10004_0329/PHK76",20,15
"341",341,0.108941938541527,0.0818558282680654,0.23104640987934,0.732660808785048,1.10215043379806,0.594997329246352,"REDEAR/LH195",21,15
"342",342,0.0839734031576526,0.159299769749925,0.283738141034947,0.728592857690073,0.93747464899513,0.686435412378789,"W10004_0276/PHK76",22,15
"343",343,0.0832008152889196,0.194544607880273,0.307444192006485,0.723208446501896,0.867135521708216,0.713280995154082,"W10004_1015/PHK76",23,15
"344",344,0.0921050254827877,0.166504330210001,0.293251055599964,0.736334238922009,0.932034674564712,0.677984439992078,"W10004_0134/PHK76",23,16
"345",345,0.103112302826985,0.127813980386322,0.265163216120368,0.741644288939675,1.01064898572246,0.637935450511361,"W10004_1014/PHK76",22,16
"346",346,0.0930525708796494,0.166228484614785,0.289001270149454,0.720657670063147,0.928037882282037,0.679053610747555,"W10004_0696/PHK76",21,16
"347",347,0.0862077947149321,0.168971454779999,0.289173244307228,0.705834557328659,0.917831720893545,0.681161197208632,"W10004_0781/PHK76",20,16
"348",348,0.0939425671928398,0.12345178099946,0.258385648619524,0.706633854915511,1.00517421384307,0.635586213782736,"W10004_0027/PHK76",19,16
"349",349,0.0824692731600171,0.175524250573271,0.295029134999495,0.705301816747389,0.908313907691155,0.682727615375369,"W10004_0038/PHK76",18,16
"350",350,0.083545000117125,0.188091756601018,0.297414481887112,0.679909195227782,0.872029595377224,0.69973219377258,"W10004_1140/PHK76",17,16
"351",351,0.0904037816875069,0.152663657367342,0.27532752824982,0.690692534144112,0.946037106002106,0.657371247936828,"W10004_0736/PHK76",16,16
"352",352,0.0898573680042911,0.130521537369885,0.262309901259221,0.698144971397825,0.993586207875805,0.635032539914703,"W10004_0760/PHK76",15,16
"353",353,0.086214149693348,0.136047499394792,0.263676022258561,0.694159876648836,0.982090699624323,0.642673487489151,"W10004_0270/PHK76",14,16
"354",354,0.0921469547098537,0.133791770473299,0.261782040738921,0.684323985958919,0.986584194409479,0.631920105243928,"W10004_0396/PHK76",13,16
"355",355,0.0917042302065996,0.123871108640745,0.252362601435185,0.679127759908535,1.00104412742654,0.633465123764139,"W10004_0664/PHK76",12,16
"356",356,0.089342984108057,0.120176147083149,0.252896016184915,0.693757702808789,1.00961262398077,0.632947487241658,"W10004_0974/PHK76",11,16
"357",357,0.0733276472620465,0.154212419408325,0.276933749911315,0.704828226503595,0.939807277341316,0.685391664461324,"W10004_0487/PHK76",10,16
"358",358,0.0691801033845987,0.182901783526529,0.295841209182541,0.706929328609584,0.882164543853108,0.717355871605153,"TX773/TX779",9,16
"359",359,0.0764081769828556,0.15935803988584,0.288441600120913,0.741340442937261,0.942272274172502,0.692485849539728,"W10004_0918/PHK76",8,16
"360",360,0.0715236196815061,0.180017332740411,0.297370715893665,0.730672388512331,0.896044474119279,0.722716618289108,"W10004_0955/PHK76",7,16
"361",361,0.0853797006945059,0.149920807088521,0.27747200689529,0.740047598641487,0.962270217816842,0.678583418658144,"W10004_0840/PHK76",6,16
"362",362,0.0749587397597151,0.153283729069381,0.277818110516063,0.711181164036779,0.946593541834225,0.677782122308863,"W10004_0984/PHK76",5,16
"363",363,0.0861090796623595,0.125661931257787,0.259572132751295,0.711645727236892,1.00988568533623,0.630386657630324,"W10004_0608/PHK76",4,16
"364",364,0.0969843625563959,0.11902691753981,0.254333071892092,0.696663537082079,1.02294629317813,0.618014055715639,"W10004_0097/PHK76",3,16
"365",365,0.0823926913314296,0.147915031382286,0.272219405984565,0.694561769957903,0.958937650751562,0.663423924574911,"W10004_0812/PHK76",2,16
"366",366,0.0781969061387488,0.150214899518551,0.275315032815216,0.696897762068956,0.952724071351287,0.666930248021585,"F42/OH43",1,16
"367",367,0.0748026497157925,0.153637533698704,0.276059777980216,0.705420990478852,0.944694956224671,0.680674819010869,"W10004_0747/PHK76",1,17
"368",368,0.0738190143288806,0.158527122971607,0.283612720509453,0.739992550143202,0.941758874705109,0.700054518979578,"W10004_0046/PHK76",2,17
"369",369,0.0712507770471719,0.16182218491722,0.286519940880053,0.735438181333872,0.932180385993217,0.707379410093306,"W10004_1072/PHK76",3,17
"370",370,0.0700637258684271,0.186022948806894,0.304747354940686,0.740971781775163,0.888991273669396,0.718575113801554,"W10004_0061/PHK76",4,17
"371",371,0.0704574045013009,0.169140244455719,0.287045205664046,0.722914538956572,0.915226293306638,0.703812060017233,"W10004_0072/PHK76",5,17
"372",372,0.079032958389009,0.122498393768198,0.25855235891662,0.721803743440054,1.01011501242187,0.640173191550505,"W10004_0110/PHK76",6,17
"373",373,0.0820541184560118,0.127439070620336,0.258620504664731,0.706252992806616,1.0004463440191,0.647149176591308,"W10004_0419/PHK76",7,17
"374",374,0.0787264602145008,0.145279071672432,0.27026527754743,0.691113349294954,0.961836623050394,0.664086690436128,"W10004_0068/PHK76",8,17
"375",375,0.0842032998832719,0.127781873331538,0.260789485764285,0.700265405771521,1.00256712179216,0.641495419391131,"B73/TX779",9,17
"376",376,0.0875174535139404,0.122706962207179,0.257565299167535,0.710218697391804,1.01067314933545,0.635979800810243,"W10004_0242/PHK76",10,17
"377",377,0.0973592859173689,0.132025721107351,0.266211805020134,0.723721217440491,0.999197672951671,0.635948040749972,"W10004_1037/PHK76",11,17
"378",378,0.0930459903875443,0.164566436633833,0.286236957875071,0.710142387080072,0.932441050981002,0.666717564730346,"W10004_1123/PHK76",12,17
"379",379,0.0947041546173406,0.144278984870597,0.270226901531901,0.700719947430997,0.964920396291444,0.658771313134541,"W10004_0891/PHK76",13,17
"380",380,0.0882268628704398,0.170287932473144,0.289390075887809,0.699277638345082,0.915309280390257,0.675759722973206,"W10004_0991/PHK76",14,17
"381",381,0.0912039383214666,0.148163743963346,0.275938282449171,0.711500239164484,0.962229613478034,0.66351108085584,"W10004_0424/PHK76",15,17
"382",382,0.0941760147136223,0.168972590346003,0.285918036690534,0.701054195606048,0.915527410095155,0.680323800964265,"B37/H95",16,17
"383",383,0.100230834299966,0.162513167654067,0.287926055208853,0.72913202499769,0.938542124274131,0.673025697341169,"W10004_0964/PHK76",17,17
"384",384,0.0926525529313317,0.173797952927539,0.298889329511061,0.752252510853985,0.921847910364516,0.689116143557815,"W10004_0907/PHK76",18,17
"385",385,0.0904314334499427,0.14761002737235,0.281491133069289,0.754278210431746,0.97244680505388,0.674210533455744,"W10004_0672/PHK76",19,17
"386",386,0.0850277841049572,0.169441120668506,0.295525152774734,0.759456765271296,0.929805846101869,0.698133854775338,"W10004_0010/PHK76",20,17
"387",387,0.0802009230753842,0.148562891496626,0.281164426447575,0.74928609772941,0.965506498599955,0.682496952963351,"W10004_0112/PHK76",21,17
"388",388,0.100395618407637,0.121865441726491,0.267043742864201,0.761284538566141,1.02944775571706,0.636253465670111,"W10004_0711/PHK76",22,17
"389",389,0.0898738444247447,0.141048009037304,0.271106924234997,0.727001411460812,0.975849672737426,0.664215981700422,"W10004_0953/PHK76",23,17
"390",390,0.100211930739111,0.139387872613106,0.270133552097025,0.71589718245907,0.982567162668549,0.651967829857087,"W10004_0053/PHK76",23,18
"391",391,0.0995134893848011,0.111798707158722,0.250250702146876,0.715231928936769,1.03385821638024,0.622599898266217,"W10004_0807/PHK76",22,18
"392",392,0.101094638650224,0.111150902929805,0.250950994835266,0.730946191234402,1.03906328308446,0.614040271833442,"W10004_0746/PHK76",21,18
"393",393,0.0996614679039435,0.119705080909284,0.255900431626568,0.7206862411954,1.01999843217951,0.627169892154411,"W10004_0654/PHK76",20,18
"394",394,0.118307637813748,0.0843352071420415,0.230876579758316,0.706638374629912,1.09427173935649,0.571022012328055,"W10004_0007/PHK76",19,18
"395",395,0.11759184620419,0.0780100531810825,0.23032520338103,0.735581632510445,1.11212958177443,0.574739388227992,"W10004_0034/PHK76",18,18
"396",396,0.101788162002491,0.12743908704031,0.263031972546652,0.731594676355319,1.00964024712115,0.640297261602112,"W10004_0858/PHK76",17,18
"397",397,0.0996467692632414,0.147969350241692,0.274731010113754,0.715409760393914,0.963673469057796,0.655988977958177,"W10004_0787/PHK76",16,18
"398",398,0.0872367879531136,0.134803851056232,0.269653981730727,0.743677251810658,0.9902605305763,0.664980401351054,"W10004_0622/PHK76",15,18
"399",399,0.0860588947623841,0.16287750427794,0.291123115100052,0.752682239226105,0.93723828926931,0.690601646195849,"W10004_0194/PHK76",14,18
"400",400,0.0997965186382314,0.147309445361782,0.280630732775967,0.748027500277742,0.9720530262223,0.662463944125168,"W10004_0773/PHK76",13,18
"401",401,0.0951260736983411,0.168663012285954,0.29345758494154,0.736603265949704,0.929248981768778,0.679638172803852,"W10004_0261/PHK76",12,18
"402",402,0.0992812543291934,0.156350501140282,0.285603328695945,0.732775604276773,0.953089831994013,0.658767901590923,"W10004_0886/PHK76",11,18
"403",403,0.0928154430541451,0.134447967007353,0.268416791564375,0.72119763973558,0.98507104465519,0.656844316887559,"W10004_0213/PHK76",10,18
"404",404,0.0839758747853756,0.159061881305788,0.281321763598486,0.704557745197317,0.932725837718067,0.680580167826988,"W10004_0950/PHK76",9,18
"405",405,0.0782792106992406,0.171308027124952,0.291149079845991,0.708593465925874,0.911751660361193,0.694842008842621,"W10004_1084/PHK76",8,18
"406",406,0.0950978312272236,0.143457249088613,0.272687986089771,0.709786003361771,0.974812462051738,0.649565763064455,"W10004_0701/PHK76",7,18
"407",407,0.0899871431787531,0.132918039576719,0.263920773764113,0.715767788331354,0.992044508604047,0.645389996152058,"W10004_0227/PHK76",6,18
"408",408,0.0790102567701614,0.143290225910267,0.269646626724179,0.706894743205498,0.962091759196043,0.670767351023265,"W10004_0801/PHK76",5,18
"409",409,0.078009892787802,0.129568759949613,0.258950242343166,0.698816869283153,0.989805031867114,0.656289759282716,"B37/OH43",4,18
"410",410,0.0778539201240889,0.130010176881711,0.260061420451115,0.703445293674607,0.993263259822944,0.658083486347142,"W10004_0616/PHK76",3,18
"411",411,0.0751900717166287,0.156166765363502,0.277378375623936,0.700529007414811,0.94043708709816,0.682139423531374,"W10004_0832/PHK76",2,18
"412",412,0.0805468762020895,0.129109034899781,0.263539719438393,0.723351051447611,1.00144170607621,0.658699929012651,"W10004_0118/PHK76",1,18
"413",413,0.0663987436894889,0.176986947722672,0.290986386644581,0.701175906023181,0.892607207565347,0.717591114086589,"W10004_0203/PHK76",1,19
"414",414,0.0675453152995371,0.177511474129148,0.29548075630315,0.722959476871679,0.896444552308638,0.712708376448118,"W10004_0241/PHK76",2,19
"415",415,0.0703217378363371,0.164447039423292,0.286865518441468,0.726992129464857,0.920819064449789,0.706174263754031,"W10004_0876/PHK76",3,19
"416",416,0.0706622526176664,0.175797867479337,0.297660693273802,0.739419185727993,0.909323413417378,0.703832948105067,"W10004_0691/PHK76",4,19
"417",417,0.0758992267438891,0.154564162361408,0.284077089775975,0.747489305753486,0.951274999784404,0.687175936187906,"W10004_0988/PHK76",5,19
"418",418,0.0817955251321004,0.129739602928111,0.264424590099502,0.73387676597111,1.0003179440597,0.654250175530405,"W10004_0869/PHK76",6,19
"419",419,0.0804368085101511,0.145477153548834,0.271321335641599,0.705355853999594,0.96249428459665,0.66527350744669,"W10004_0625/PHK76",7,19
"420",420,0.0824277736854609,0.146874491740209,0.274821202335903,0.704576457800647,0.967803931255954,0.650750431095037,"W10004_0032/PHK76",8,19
"421",421,0.0810582347641256,0.130561824160413,0.259546877575026,0.692101644725265,0.992703715886635,0.64315010452159,"W10004_0119/PHK76",9,19
"422",422,0.0805146219844246,0.122415608824855,0.256963007148371,0.709028592454952,1.01009302159279,0.643750156560836,"PHW52/PHN82",10,19
"423",423,0.0765008408581661,0.144917917721979,0.27663736406717,0.731032857396847,0.967108881566651,0.664876129178076,"W10004_0132/PHK76",11,19
"424",424,0.0825424461751795,0.152585477899657,0.283325891288616,0.749520931477785,0.959454142052831,0.676729941818735,"W10004_0783/PHK76",12,19
"425",425,0.0754499596152641,0.176157198366157,0.295156453512173,0.730836784600296,0.905355889899926,0.709681402719467,"W10004_0474/PHK76",13,19
"426",426,0.0754778889980079,0.16072548448662,0.286047171322583,0.743525188907553,0.93921260698893,0.69789442255255,"W10004_0820/PHK76",14,19
"427",427,0.0790377973381371,0.129139879572257,0.264142872164195,0.734089662631301,0.999673235184437,0.662108454594488,"W10004_0167/PHK76",15,19
"428",428,0.0946504728636929,0.0592162206722627,0.21816686918654,0.743806384949022,1.1522732456126,0.572988771540376,"W10004_0649/PHK76",16,19
"429",429,0.0781728895248545,0.135995037540499,0.260489319689795,0.687986029180308,0.974678866978514,0.660621644770476,"W10004_0888/PHK76",17,19
"430",430,0.0798406389409712,0.150081613131088,0.273164768440863,0.694908879656309,0.951880122042909,0.668024803389805,"B73/PHM49",18,19
"431",431,0.0790651919218813,0.154890460054499,0.276371608249491,0.701819558431231,0.947290640239903,0.672829126029124,"W10004_1045/PHK76",19,19
"432",432,0.0880060767804029,0.10912406256652,0.2483068012009,0.715713087074402,1.04351016465465,0.629777826987359,"W10004_0775/PHK76",20,19
"433",433,0.0942016422255839,0.122927753189967,0.254139377097378,0.708102893892772,1.00904223299998,0.640666756646041,"W10004_0393/PHK76",21,19
"434",434,0.0967238559347584,0.124770463177847,0.258594315693504,0.715841992535138,1.00884523999373,0.637052570836508,"W10004_0196/PHK76",22,19
"435",435,0.104809592454781,0.119786682043278,0.252323196973335,0.69593229964726,1.01696107608123,0.62236378058613,"LH74/PHN82",23,19
"436",436,0.086959703351053,0.143010212938773,0.273070844675334,0.723007931208499,0.971982733063449,0.669531204509712,"W10004_0069/PHK76",23,20
"437",437,0.0880123676057363,0.151067488489732,0.275266779445198,0.703296685898674,0.950840035676103,0.672224718943461,"W10004_0344/PHK76",22,20
"438",438,0.0888538816949387,0.153955495756965,0.277456979725029,0.705573385996195,0.94486371040263,0.678505949021643,"W10004_0361/PHK76",21,20
"439",439,0.0965343630855532,0.15648045799828,0.282723860300224,0.725198337481462,0.949293560041773,0.670689088161572,"W10004_0037/PHK76",20,20
"440",440,0.101193490850335,0.167597754814049,0.290232341095977,0.730984623667598,0.929215917169623,0.674147272178596,"W10004_0417/PHK76",19,20
"441",441,0.101652231855939,0.158591858014241,0.290080415257717,0.751120566914404,0.954302270021762,0.668831032186914,"W10004_0714/PHK76",18,20
"442",442,0.0831327410022406,0.156699305223111,0.288485769361266,0.768795917275598,0.952454298784639,0.698085875476945,"W10004_0619/PHK76",17,20
"443",443,0.0789654252212725,0.160220172971588,0.290051268942467,0.757167388386553,0.943185502647128,0.696396138494078,"W10004_1004/PHK76",16,20
"444",444,0.0930181929558276,0.159439572134621,0.287056893038134,0.745628906407722,0.944743182769379,0.678842678006202,"PHG39/PHN82",15,20
"445",445,0.105628406744951,0.113435445339699,0.254170739466104,0.72949472620475,1.04030621249745,0.615918869444223,"W10004_0221/PHK76",14,20
"446",446,0.109483286398453,0.0877669692418069,0.236707071598233,0.72501998823176,1.08838895213578,0.585376612024455,"W10004_0732/PHK76",13,20
"447",447,0.0951778306078704,0.12700674937831,0.260522043666429,0.712679520626585,1.00348697719563,0.630296829854791,"W10004_1032/PHK76",12,20
"448",448,0.10564217044644,0.100544768060159,0.241790725224217,0.718469403277704,1.05740366373286,0.605582662182433,"W10004_0087/PHK76",11,20
"449",449,0.0927978966920705,0.126760040648717,0.257964979406637,0.715851435337813,1.00336334361995,0.641446716127035,"W10004_0828/PHK76",10,20
"450",450,0.0862869314198693,0.110509453391641,0.250470834295524,0.724486221783108,1.03645268125759,0.625852543017112,"W10004_0311/PHK76",9,20
"451",451,0.0963567277967165,0.124512105672847,0.262735915449964,0.732438242510669,1.011758257053,0.633109835785021,"2369/LH123HT",8,20
"452",452,0.0917602799291007,0.133985477635417,0.271458847699716,0.760498891492003,0.998542791611577,0.661073041463609,"F42/MO17",7,20
"453",453,0.0706435836446312,0.195616588337057,0.312392556218917,0.746132425540863,0.86899365939723,0.733529041678648,"W10004_0410/PHK76",6,20
"454",454,0.0650111194936823,0.187884854830684,0.307449662693683,0.738835728448937,0.879976954631608,0.72906040175862,"W10004_0745/PHK76",5,20
"455",455,0.0750205654368535,0.169962581010192,0.292445935535787,0.745891741045194,0.917131982685147,0.71385155619401,"W10004_1118/PHK76",4,20
"456",456,0.112443080744466,0.080335675920147,0.234981262830017,0.772504614873683,1.11317376524753,0.605052300613708,"W10004_0602/PHK76",3,20
"457",457,0.0975539130910192,0.160863069948351,0.288252954534008,0.742768806902009,0.948528247672564,0.667592803456195,"W10004_0689/PHK76",2,20
"458",458,0.0849176515807114,0.164584270713409,0.289712569199559,0.733683399949662,0.934859099051747,0.67914728462264,"TX777/LH195",1,20
"459",459,0.0779508333519151,0.156791750558066,0.280884569463259,0.716447889925128,0.936841630999253,0.685902636029598,"W10004_0975/PHK76",1,21
"460",460,0.0761254223607092,0.173172017113839,0.288567183209357,0.69814108221299,0.901413869193355,0.699521118714958,"W10004_0062/PHK76",2,21
"461",461,0.0867267852529195,0.131181584764741,0.265024972899899,0.715728004325553,0.993957131611969,0.651197291190967,"W10004_0268/PHK76",3,21
"462",462,0.0873113037466868,0.138199081326653,0.269087487720215,0.716452615622744,0.980421334161816,0.659665335861948,"W10004_0803/PHK76",4,21
"463",463,0.0792970429508505,0.167550776033204,0.286197221829188,0.70735744815713,0.918982582103161,0.693636564779931,"W10004_0678/PHK76",5,21
"464",464,0.0900318440102174,0.111808092058451,0.248096982302997,0.70767828912125,1.027752916147,0.634215572801502,"W10004_0160/PHK76",6,21
"465",465,0.0853060707097493,0.11003139400865,0.248159389694389,0.710173491429854,1.03690624902712,0.631495872631354,"W10004_0008/PHK76",7,21
"466",466,0.0799076813458481,0.125945689735265,0.256107008503119,0.695892372554785,1.00135082753557,0.654172818467524,"W10004_0225/PHK76",8,21
"467",467,0.0828167246408678,0.135175562667757,0.263499803941599,0.698332727022417,0.984352262948008,0.650320521647777,"W10004_0884/PHK76",9,21
"468",468,0.0845967203131889,0.111859232528006,0.247939509145619,0.698680470027708,1.03217274479548,0.631148699312899,"W10004_0327/PHK76",10,21
"469",469,0.074516875482954,0.138682569393268,0.268072141443431,0.710589488237177,0.975800483339691,0.664533027226504,"W10004_0675/PHK76",11,21
"470",470,0.0675244826282904,0.169261491545673,0.295270053052765,0.738369853490982,0.920073576716184,0.705958337928358,"W10004_1018/PHK76",12,21
"471",471,0.0732748067605066,0.171310068934708,0.296077273517226,0.752723157450536,0.922164670301862,0.704126624668068,"W10004_0659/PHK76",13,21
"472",472,0.0761971961454876,0.148883575387202,0.281266051167195,0.755660404448141,0.965779030027965,0.686840217751138,"W10004_0336/PHK76",14,21
"473",473,0.0831119981600029,0.15526730381456,0.283992462400887,0.740970628485945,0.954747583999101,0.674871774223238,"W10004_0784/PHK76",15,21
"474",474,0.0758139768464205,0.144897580396661,0.271159375720233,0.705965500424833,0.958334567910743,0.671300941320351,"W10004_0144/PHK76",16,21
"475",475,0.0762518225939306,0.151581955721175,0.279321865593222,0.71646223034353,0.952643432734076,0.673411798745269,"W10004_0833/PHK76",17,21
"476",476,0.0855881689539208,0.151773442777449,0.274794966897255,0.695677867686439,0.953002337547777,0.658824522844851,"W10004_0639/PHK76",18,21
"477",477,0.0870827803334053,0.13767934690117,0.266725859326621,0.69966734844102,0.983813843823767,0.638280687051651,"W10004_1146/PHK76",19,21
"478",478,0.0765673266796697,0.15983192618503,0.281321547289079,0.698920101845686,0.933028318388773,0.668988808061405,"CG119/CG108",20,21
"479",479,0.0742097486797816,0.154389722449403,0.275821719964467,0.698871316492659,0.940259757734856,0.680326262647082,"W10004_0963/PHK76",21,21
"480",480,0.0744091318343684,0.179274358623535,0.295936553226004,0.722891196205081,0.901427121713131,0.711408717082174,"B73/PHN82",22,21
"481",481,0.0679655928330306,0.193853199307768,0.308873813858371,0.73526375500607,0.872082830023198,0.731340322507492,"B14A/H95",23,21
"482",482,0.0700559872127504,0.170852703544395,0.294368014160473,0.739073988150596,0.915007068745085,0.706200120028669,"B14A/OH43",23,22
"483",483,0.0704201082653805,0.168436871205138,0.291500277099767,0.729727624759572,0.921892997267219,0.697835558727314,"W10004_0204/PHK76",22,22
"484",484,0.0757571702789444,0.145996921686467,0.274958441286314,0.723514362436687,0.965157000731955,0.672075728884336,"W10004_0779/PHK76",21,22
"485",485,0.0830279369661912,0.137105206231384,0.262364075232301,0.68472095372604,0.977586670274003,0.648155849294937,"W10004_0674/PHK76",20,22
"486",486,0.0970946830788226,0.0815822631879014,0.228080852322809,0.707711885562233,1.10016136210799,0.592078242194245,"W10004_0169/PHK76",19,22
"487",487,0.081556050760893,0.131948299905041,0.262615911941455,0.711346647603304,0.995919291595144,0.653339318962665,"W10004_0901/PHK76",18,22
"488",488,0.0781402615431672,0.125506380013016,0.257854665837891,0.713536662353022,1.00126232760151,0.658966574366761,"W10004_0889/PHK76",17,22
"489",489,0.0901726289158556,0.118779885923831,0.256182025596012,0.726733026070849,1.02269388237776,0.635876559995784,"W10004_1104/PHK76",16,22
"490",490,0.0921923787723672,0.141483278956795,0.272204971316482,0.717894491264944,0.979577080800502,0.648021942139769,"B37/MO17",15,22
"491",491,0.0904042920455531,0.146331173694515,0.276013576586216,0.714110273641068,0.969361246550427,0.656977358593063,"W10004_0894/PHK76",14,22
"492",492,0.0734770008518182,0.162566627727392,0.282227395365592,0.701149009464087,0.924746491478634,0.694252343119129,"W10004_0717/PHK76",13,22
"493",493,0.075837740301225,0.151367503787213,0.275145197086784,0.715142603149067,0.945672233715911,0.683642869233458,"W10004_0258/PHK76",12,22
"494",494,0.0877634567801473,0.144315548521952,0.269364092830809,0.703244195849658,0.962083500733377,0.666632824060363,"W10004_0310/PHK76",11,22
"495",495,0.0822904769202142,0.179372922367454,0.301173567131447,0.735517156642153,0.907599747490892,0.687529634045368,"W10004_0254/PHK76",10,22
"496",496,0.0891979918625812,0.170453757310846,0.298179645455499,0.763345323454953,0.933289462979503,0.687558211648138,"W10004_1057/PHK76",9,22
"497",497,0.0936651354583439,0.115293987994018,0.260794776448603,0.779039594789645,1.03896432302826,0.650531101974836,"W10004_0703/PHK76",8,22
"498",498,0.0722852815736142,0.185773086791216,0.307224234391786,0.762347361876565,0.891011241256954,0.723292914083582,"W10004_0189/PHK76",7,22
"499",499,0.0709688521932482,0.184046089841921,0.304103337692837,0.755862080629543,0.895319284415169,0.721984361598307,"W10004_1000/PHK76",6,22
"500",500,0.088745669576282,0.150352708386867,0.279945364434696,0.754677643613916,0.967076620296506,0.674606936477271,"B14A/MO17",5,22
"501",501,0.0933386176714602,0.119093672439211,0.261107218545022,0.753585548714963,1.02920628466227,0.640109644631014,"W10004_0129/PHK76",4,22
"502",501,0.0933386176714602,0.119093672439211,0.261107218545022,0.753585548714963,1.02920628466227,0.640109644631014,"F42/MO17",24,1
"503",502,0.0954348549208955,0.106975072366966,0.249470113651743,0.739587809686238,1.04775621067822,0.619755352971933,"Fill/HB",25,1
"504",502,0.0954348549208955,0.106975072366966,0.249470113651743,0.739587809686238,1.04775621067822,0.619755352971933,"W10004_0601/PHK76",3,22
"505",503,0.0767736875657514,0.136077378337205,0.266795970028815,0.722052429748733,0.981304507509699,0.661195893600453,"Fill/HB",26,1
"506",503,0.0767736875657514,0.136077378337205,0.266795970028815,0.722052429748733,0.981304507509699,0.661195893600453,"W10004_0076/PHK76",2,22
"507",504,0.104319371033017,0.0991313516097653,0.241589097291508,0.729825186051046,1.06189349847671,0.606177461494304,"B14A/OH43",27,1
"508",504,0.104319371033017,0.0991313516097653,0.241589097291508,0.729825186051046,1.06189349847671,0.606177461494304,"W10004_0800/PHK76",1,22
"509",505,0.0922521916656044,0.100433108864459,0.244086803226756,0.737952744994796,1.05946247754496,0.618755323594204,"B14A/H95",28,1
"510",506,0.0809366106025173,0.105057269703943,0.250018199058025,0.734046265542064,1.0466492722192,0.625270209420751,"B73/PHN82",28,2
"511",507,0.0967349810009976,0.0828337201882042,0.236504778269804,0.757119474713333,1.10352563318924,0.590716248603676,"2369/LH123HT",27,2
"512",508,0.0876154883012474,0.136487852138975,0.270562448422156,0.748513866298543,0.988901129053726,0.657336342433316,"B37/H95",26,2
"513",509,0.0729367346727607,0.180816239270856,0.302351198742208,0.765078403744002,0.902691784106593,0.7213876234024,"TX714/TX779",25,2
"514",510,0.0705109152625349,0.166452363904823,0.293911709615747,0.766070961201267,0.928605038952118,0.713682287531998,"B37/MO17",24,2
"515",511,0.0763207026671023,0.158062719547152,0.28984106514303,0.77899099115124,0.944225086977015,0.705877151500435,"F42/OH43",24,3
"516",512,0.0808313538639594,0.159237992900011,0.291193434531719,0.765187683676417,0.9470367869219,0.69516740313539,"B73/TX779",25,3
"517",513,0.0763038081918562,0.192234929815474,0.31205818616477,0.755766124076031,0.881147669222596,0.717337786839379,"TX110/87916",26,3
"518",514,0.0781223853076991,0.179832258374938,0.298941219796376,0.7187549558509,0.897098528215488,0.695053542243792,"B14A/MO17",27,3
"519",515,0.0810931427540492,0.143963043286495,0.271449778146909,0.70845787569462,0.964559204600739,0.673779818103479,"B73/MO17",28,3
"520",516,0.0747927861268614,0.171206717659993,0.28796248763004,0.690320136722303,0.905985157734455,0.693563999307153,"B73/PHM49",28,4
"521",517,0.084220274074767,0.148008010575949,0.274831405527886,0.707630068418379,0.961192230141628,0.665894108294893,"CG119/CG108",27,4
"522",518,0.0912154249266786,0.129316522793648,0.257312051152741,0.690681680704535,0.993753309818731,0.645698297737705,"B37/OH43",26,4
"523",519,0.0792597769326655,0.152416038186428,0.277576980600666,0.711310851956386,0.949488746362583,0.677542427138762,"F42/H95",25,4
"524",520,0.0765551596285089,0.154112183638316,0.276625357799908,0.699922151055813,0.940481237707582,0.679381653330299,"TX777/LH195",24,4
"525",521,0.0883278997346166,0.0964038613352809,0.238967461699493,0.71043265145412,1.06409320888085,0.610390862038629,"PHW52/PHN82",24,5
"526",522,0.0886576943982259,0.0888062205876866,0.232515652686502,0.70071830313006,1.07997966337418,0.601406315250091,"REDEAR/LH195",25,5
"527",523,0.0792481776070003,0.149592200422732,0.272655472080353,0.693659173494717,0.950851122804118,0.669470522506581,"CG44/CGR01",26,5
"528",524,0.0869431932232083,0.107409376992425,0.244650512043765,0.701487105218999,1.04060035495284,0.619670561378617,"LH74/PHN82",27,5
"529",525,0.0833094194763711,0.107379817273114,0.245352327683529,0.709738425171942,1.04190808349194,0.626372638586525,"PHG39/PHN82",28,5
"530",526,0.0780366169204676,0.135506534455522,0.269661276859556,0.731975890224972,0.987603941173593,0.656419487326789,"F42/H95",28,6
"531",527,0.0807052269424689,0.121050007174753,0.261065165710735,0.747125401671472,1.01853901073708,0.659432836577642,"B73/PHM49",27,6
"532",528,0.0675387483092256,0.173152902208833,0.291832845827691,0.714477596501117,0.901437585382671,0.711186502861002,"PHW52/PHM49",26,6
"533",529,0.067628938414205,0.167238447101695,0.284806416921998,0.708382384392854,0.912469654656406,0.710244514770722,"TX779/LH195",25,6
"534",530,0.0709430931281455,0.165244524023861,0.286149260164455,0.708444923010982,0.921033391505482,0.690176700395913,"PHW52/PHN82",24,6
"535",531,0.0693674849818183,0.154350333204375,0.274313276844232,0.682353476103402,0.93503407860908,0.677261295575958,"CG44/CGR01",24,7
"536",532,0.0801888274597332,0.147698547636515,0.269127342822291,0.680337774686118,0.953949662662607,0.659144038294194,"F42/OH43",25,7
"537",533,0.0774901688579741,0.15303814788462,0.277961718625509,0.700751507642424,0.95282937374928,0.656556573231594,"PHG39/PHN82",26,7
"538",534,0.069697017228007,0.172728885393358,0.287519118715762,0.691047052413512,0.903157038491316,0.688885228996208,"PHW52/PHM49",27,7
"539",535,0.07406428125505,0.163677285906123,0.284448480211627,0.711334271968952,0.927616508792237,0.688425108351042,"B14A/MO17",28,7
"540",536,0.0773175548555671,0.173798117047027,0.292471956273453,0.721160168446466,0.912912789482465,0.693031776681479,"REDEAR/LH195",28,8
"541",537,0.0767331865646891,0.163926446408095,0.291797597148968,0.742800561125424,0.937384045376633,0.68636001437818,"B37/MO17",27,8
"542",538,0.0806365350249025,0.156677599746869,0.287156470669463,0.750027224010575,0.953767205978387,0.676598398168199,"B37/H95",26,8
"543",539,0.0745609641513513,0.153977444737842,0.277116580444023,0.713180580209678,0.944482374576009,0.679571196836708,"TX779/LH195",25,8
"544",540,0.083075592842964,0.11559255956627,0.25283966897745,0.715931430296881,1.02626273936847,0.636404604229669,"TX110/87916",24,8
"545",541,0.0802659086932248,0.11903809653428,0.253656916706704,0.702249415001625,1.01544981439131,0.635140125239117,"CG119/CG108",24,9
"546",542,0.0812467840339503,0.127141908011602,0.259723938866541,0.70683006761535,1.00226081092894,0.649379877732373,"B73/PHN82",25,9
"547",543,0.076587279082102,0.133363197142878,0.262144564424546,0.699087448199907,0.985159014790952,0.656507307273464,"TX777/LH195",26,9
"548",544,0.087973979523742,0.114334153135205,0.251262908683111,0.711302517957525,1.03006690464123,0.622441595149076,"F42/MO17",27,9
"549",545,0.0903267663621971,0.104753220902293,0.243472791500117,0.710268489212369,1.04403150280863,0.616843093261878,"B14A/OH43",28,9
"550",546,0.0852129711201355,0.159901339803102,0.282928131604632,0.70942061445221,0.941865865217348,0.664166169750032,"2369/LH123HT",28,10
"551",547,0.0881691749593417,0.127189183790678,0.256754433199197,0.696714569910338,0.997051559903635,0.644042331291196,"B73/MO17",27,10
"552",548,0.0815113221021397,0.157018039583273,0.280789284063369,0.701194576562665,0.940172935865477,0.674476456880099,"B14A/H95",26,10
"553",549,0.0872782019399117,0.135471951555338,0.266540015706438,0.710612275607305,0.983325795921528,0.652519891116775,"TX714/TX779",25,10
"554",550,0.0886826931275414,0.144836338458815,0.274706930434292,0.718647940015041,0.967286001510849,0.660318030125438,"B73/TX779",24,10
"555",551,0.0857364003910834,0.161469273562539,0.289200795690816,0.737318364156294,0.938286104686762,0.674333333195908,"LH244/PHZ51",24,11
"556",552,0.0921719674779618,0.144914330849423,0.278308126068343,0.767679919329536,0.979405680000762,0.665127265660925,"LH74/PHN82",25,11
"557",553,0.10356272721203,0.0833924441971044,0.238502266707343,0.794035231965188,1.11024073426983,0.612343518699862,"B37/OH43",26,11
"558",554,0.0719144108228906,0.17509428895449,0.296574278009503,0.753204107145501,0.908647113753231,0.711000359309227,"PHJ40/PHAJ0",27,11
"559",555,0.074899144984496,0.157016936362863,0.289369833836289,0.774251513512349,0.952957180942344,0.692667186648427,"PHB47/PHN82",28,11
"560",556,0.0910395034153735,0.12476544905719,0.267818432513078,0.790363364491806,1.02992865471509,0.639970835140316,"LH195/PHN82",28,12
"561",557,0.0986731997386634,0.0845952780515251,0.236656560679866,0.751207255105393,1.09728442349072,0.599205495235866,"PHJ89/PH207",27,12
"562",558,0.0806986532474795,0.141255222510014,0.27288303383443,0.735344851275163,0.974452282460215,0.657667408486921,"B73/MO17",26,12
"563",559,0.0760966086485314,0.132291429242179,0.261959853480431,0.709795913669584,0.982920585851067,0.655935428784946,"LH244/PHN82",25,12
"564",560,0.0871458680850683,0.0909858762261876,0.238262542136866,0.746840796718765,1.08149158557204,0.613086669313691,"LH195/PHK76",24,12
"565",561,0.0761119249593478,0.111015563199774,0.24443201626578,0.698791501651362,1.02592497611441,0.638181863990563,"PHB47/PHZ51",24,13
"566",562,0.0754291735645698,0.126030210189374,0.257310819410653,0.707804113872687,0.997381582453628,0.643678904149239,"LH195/MO17",25,13
"567",563,0.0887394306404576,0.0721153788718814,0.229635845598426,0.751508133474186,1.12262097147405,0.580229336539686,"B73/PHN82",26,13
"568",564,0.115928332138839,0.042434721904094,0.20734106010667,0.756613644672313,1.19392878702041,0.533590870014496,"LH195/PHZ51",27,13
"569",565,0.0917850482690155,0.127644679492282,0.271505501386177,0.78826541714584,1.02363168547194,0.642033314457581,"LH145/LH82",28,13
"570",566,0.0639190442340236,0.191169788858505,0.309338365232981,0.740108939879242,0.873184502304075,0.731943768389391,"LH244/MO17",28,14
"571",567,0.0790728328601768,0.147830862333495,0.286288276485876,0.782163557775643,0.974383498455589,0.681286599507618,"LH244/PHK76",27,14
"572",568,0.0962283187233834,0.127670048425446,0.268377325931156,0.750220827345122,1.00872045480194,0.642851218888092,"PHG29/PHG47",26,14
"573",569,0.11063724318422,0.106720284834309,0.253016435115528,0.756322608136403,1.06196067983968,0.601587688872818,"PHB47/PHK76",25,14
"574",570,0.081793376198224,0.177282612074241,0.303332923946567,0.736257054971074,0.906094138510303,0.685559360338448,"PHRE1/PHTD5",24,14
"575",571,0.0943964053833151,0.128718725952572,0.262099168120629,0.715756488717472,0.998407408031999,0.635623165135493,"B73/PHZ51",24,15
"576",572,0.0791874549009941,0.16808356000825,0.290231271465007,0.708161366007089,0.916283777996338,0.677431664889717,"TX714/PHZ51",25,15
"577",573,0.0864791595445062,0.134168658480601,0.268791898966126,0.728653138879561,0.990876986777793,0.645655395838407,"B73/PHK76",26,15
"578",574,0.101452667790511,0.106240235655323,0.24955995447275,0.722685839890161,1.05121842963571,0.603238568087359,"B73/PHK76",27,15
"579",575,0.0891052882568725,0.131309618282783,0.265900526800712,0.723456309553548,0.997927305602656,0.641260192372717,"PHB47/MO17",28,15
"580",576,0.0860441634387147,0.138962804601411,0.269538588020807,0.713283639699192,0.981150720298331,0.641110283644867,"PHB47/PHZ51",28,16
"581",577,0.0940695376429434,0.0821159723324681,0.228454065609653,0.710484492460346,1.093282725373,0.583923791335346,"TX714/PHZ51",27,16
"582",578,0.0810720628836832,0.123215163517461,0.256966286882773,0.710262199183274,1.00917628697608,0.636244384888844,"B73/PHN82",26,16
"583",579,0.0896231533698771,0.0829761317495268,0.231149212417148,0.716847156906152,1.09739462503284,0.585984695732375,"PHB47/MO17",25,16
"584",580,0.0766544559535709,0.141978783701183,0.270670159375946,0.703844970915589,0.973881835948913,0.644522992068279,"B73/PHZ51",24,16
"585",581,0.0749984482238868,0.129564305238463,0.259045521603254,0.702662001160984,0.989526864310954,0.653798536498008,"LH244/MO17",24,17
"586",582,0.0793781985043518,0.122999114107343,0.262689676342416,0.74397431633322,1.01523957030014,0.646931896820881,"LH244/PHN82",25,17
"587",583,0.0743236390814792,0.155638238561168,0.286918348049488,0.746573753012087,0.948239444566323,0.684524542722219,"LH244/PHZ51",26,17
"588",584,0.0771976293969826,0.165173099366686,0.289800124153924,0.744721129364435,0.931128686846278,0.689309565188309,"LH145/LH82",27,17
"589",585,0.077349163056398,0.171976544971789,0.292766253622041,0.722595971133165,0.915404727833655,0.685783440463219,"PHRE1/PHTD5",28,17
"590",586,0.0752019225060497,0.148389100089553,0.274480193023541,0.711495181438641,0.957525216023001,0.67004937563003,"LH195/PHK76",28,18
"591",587,0.0712855386639605,0.138916456757126,0.265392236486456,0.690573539216775,0.97105182349701,0.655108397620684,"PHB47/PHK76",27,18
"592",588,0.0762396153612161,0.110983834100303,0.247659872331413,0.691068815400194,1.03339158054656,0.616872999866806,"PHG29/PHG47",26,18
"593",589,0.0714398116607276,0.118496501694039,0.248379540885268,0.663196048303508,1.01254252676158,0.619196799964511,"LH195/PHZ51",25,18
"594",590,0.0655239388767656,0.159091104648361,0.279181627304025,0.685918373158131,0.930786763862669,0.672475731867999,"PHJ89/PH207",24,18
"595",591,0.0647078278656015,0.185893642009866,0.300197208489785,0.698266735698282,0.884039817722902,0.694931202780548,"PHB47/PHN82",24,19
"596",592,0.0660104319306907,0.192372605760754,0.307005993390116,0.714137319907038,0.875554287829249,0.701292414526368,"PHJ40/PHAJ0",25,19
"597",593,0.065840355936745,0.192879905172154,0.308791747489743,0.716746688437806,0.870969058446106,0.704340058621044,"B73/MO17",26,19
"598",594,0.0693342424984311,0.180479701329287,0.304005688361218,0.740338370544151,0.902849281449687,0.687244691552536,"LH195/PHN82",27,19
"599",595,0.0718298810006564,0.133200537996089,0.269189619773239,0.734143725283515,0.992324841758944,0.653493362662109,"Fill/HB",28,19
"600",596,0.0758137563613014,0.104732694389718,0.247454742718818,0.728588023940183,1.04932946875752,0.623238201711132,"Fill/HB",28,20
"601",597,0.0798472359188592,0.137359603377467,0.270199955188887,0.724161745787321,0.988231790462916,0.646443224645503,"Fill/HB",27,20
"602",598,0.0808562107868158,0.158844819021691,0.288507487767045,0.732325568977082,0.948508843847089,0.665880498936133,"LH244/PHK76",26,20
"603",599,0.0809906827265947,0.131251821225216,0.266261973858106,0.734382840076869,0.998066122379767,0.650829043882874,"LH195/MO17",25,20
