"","PlotID","PlotID_agisoft","BI","GLI","NGRDI","VARI","BGI","NDVI","Pedigree","Exp_row","Exp_range"
"1",1,1,0.099979976826104,0.0582995226414585,0.211539936905226,0.692105092933777,1.136605549849,0.549452296558377,"Fill/HB",1,1
"2",2,2,0.0981085174145237,0.0587019171289675,0.214543953445069,0.710142818012275,1.14033143678038,0.556665028790875,"Fill/HB",2,1
"3",3,3,0.0961245572976031,0.0656177255727566,0.218654301990372,0.702910275156646,1.12054883182556,0.56457338931255,"Fill/HB",3,1
"4",4,4,0.0958948546217584,0.0661286301667974,0.220734558569988,0.72124391445643,1.1245078376007,0.563662518166809,"Fill/HB",4,1
"5",5,5,0.098562056851036,0.0628268438507227,0.220919779302678,0.738597888766096,1.13600661285605,0.558776884393504,"Fill/HB",5,1
"6",6,6,0.102382874978137,0.0455450012777835,0.209853106428273,0.747682065359516,1.17927210232486,0.531164692390233,"Fill/HB",6,1
"7",7,7,0.0915816581990456,0.079862261220964,0.227850937347069,0.714623915422328,1.09217734356931,0.588439648542543,"W10004_0290/PHK76",7,1
"8",8,8,0.0880320284458632,0.0961568942078336,0.237005266985296,0.698966713506938,1.0503774928166,0.607860405271495,"W10004_0498/PHK76",8,1
"9",9,9,0.086441105925426,0.0864508039106666,0.234482188014153,0.724596087921393,1.07840631935877,0.611627474574197,"Fill/HB",9,1
"10",10,10,0.0837154017482746,0.109531283007332,0.246060043695137,0.701615466137372,1.02268647392773,0.634517047705051,"Fill/HB",10,1
"11",11,11,0.0901984042049167,0.101601818794132,0.24239248578225,0.713189624294509,1.04369144331926,0.626568500139933,"W10004_0884/PHK76",11,1
"12",12,12,0.0876514196535317,0.0786769227550854,0.231244139176605,0.735375375416971,1.10285421906678,0.604465683439804,"W10004_0037/PHK76",12,1
"13",13,13,0.0837230296751608,0.138151701716862,0.266321445683225,0.702152013939298,0.964239088455755,0.672168952490847,"Fill/HB",13,1
"14",14,14,0.094619375839933,0.0731661014042717,0.224964407370173,0.727199505916229,1.11414186026062,0.572409886385251,"Fill/HB",14,1
"15",15,15,0.0950359472997512,0.0906463070995798,0.234321719833528,0.707221830166702,1.0666036883835,0.599632646837108,"W10004_0065/PHK76",15,1
"16",16,16,0.0943080676267026,0.085850367720341,0.229463247056058,0.697117824360763,1.07189837483101,0.601807443034131,"W10004_0103/PHK76",16,1
"17",17,17,0.104639698840067,0.0553155359719509,0.211736087213352,0.712116701153828,1.14817634841673,0.548351326273394,"Fill/HB",17,1
"18",18,18,0.0987438032124875,0.0533210606747463,0.207314323702185,0.693219144303662,1.15065135737237,0.540819411792916,"Fill/HB",18,1
"19",19,19,0.0943480622068644,0.0748867002624441,0.221469709443751,0.683704807407496,1.09952002632888,0.576012853907069,"W10004_1007/PHK76",19,1
"20",20,20,0.0892435276606088,0.0784178968069755,0.21816962815775,0.64551644311449,1.08348555261374,0.573024655047595,"W10004_0168/PHK76",20,1
"21",21,21,0.0931725175671237,0.084582873901741,0.219471320987251,0.633900477001027,1.06446546845307,0.583507795663376,"Fill/HB",21,1
"22",22,22,0.0914949525897289,0.0596401164496383,0.202412758070615,0.631642053914318,1.1218904119372,0.553293012389907,"Fill/HB",22,1
"23",23,23,0.0949265851899911,0.0700575374220125,0.213199583537159,0.661059766474837,1.10386484056439,0.572710661208867,"W10004_0950/PHK76",23,1
"24",24,24,0.098401533912683,0.0837545519791996,0.21634051750447,0.615862150457315,1.06153706580919,0.56801117462194,"W10004_0080/PHK76",23,2
"25",25,25,0.106833912152061,0.0550771037807228,0.201359519787899,0.647952215093777,1.13668924432984,0.532447978209093,"W10004_1112/PHK76",22,2
"26",26,26,0.106734892532491,0.0364341438699713,0.194475480848275,0.681982485407854,1.19143924254175,0.5097256585598,"W10004_0827/PHK76",21,2
"27",27,27,0.101924871307406,0.0530828912520031,0.199329783164729,0.63686411881228,1.13873303073486,0.535935425673169,"B37/OH43",20,2
"28",28,28,0.104454101594356,0.0389937530169119,0.192335040520248,0.654845952735251,1.17920223603778,0.512023344956392,"W10004_0079/PHK76",19,2
"29",29,56,0.103797635903449,0.0534705829938105,0.201129158718138,0.64832499116549,1.14200326322221,0.527135175453278,"W10004_0256/PHK76",10,3
"30",30,55,0.102012820191052,0.0592872281673118,0.202213016020478,0.631266237159198,1.12430502786295,0.53834355524331,"W10004_1018/PHK76",9,3
"31",31,54,0.105347505781502,0.0741202861356327,0.210813037043811,0.629419356051158,1.08739859239992,0.557719451007201,"W10004_0631/PHK76",8,3
"32",32,53,0.10375588787849,0.081120024918512,0.218139443507858,0.638594398473232,1.07210222460451,0.568684502087599,"B73/PHN82",7,3
"33",33,52,0.102904828216201,0.0684772070982261,0.210260892360295,0.643703170065454,1.10498828611847,0.560859744469942,"W10004_0129/PHK76",6,3
"34",34,51,0.101567569499154,0.073947873457909,0.21759319987687,0.667505243169706,1.09446626886594,0.568415380553687,"W10004_0078/PHK76",5,3
"35",35,50,0.0919212487697796,0.0780670592233979,0.216250735326605,0.639041572198691,1.08010194173043,0.578741302220532,"W10004_0798/PHK76",4,3
"36",36,49,0.0894420398481141,0.109295808684629,0.235344855080857,0.63215697558137,1.00628704533904,0.625256994774895,"W10004_0732/PHK76",3,3
"37",37,48,0.0996407341676491,0.0643863835753211,0.208495277770438,0.647759192269938,1.11260189237281,0.548530200292716,"W10004_0966/PHK76",2,3
"38",38,47,0.0961788268947907,0.0824332309863146,0.222470723993618,0.6572737021333,1.07418378182461,0.581480151568915,"W10004_0892/PHK76",1,3
"39",39,46,0.0982537317015977,0.0606805503794289,0.216002488704084,0.716422396946774,1.13800305513064,0.560559729678852,"W10004_0271/PHK76",1,2
"40",40,45,0.101059001863984,0.0613999934326571,0.213278787720149,0.694198040457719,1.12972062340171,0.558261587976659,"W10004_0822/PHK76",2,2
"41",41,44,0.0978865017680644,0.0736046639029252,0.223355673251914,0.715592064382556,1.10653545024577,0.577976411925261,"W10004_0741/PHK76",3,2
"42",42,43,0.0927960334568202,0.0937288155636197,0.234205835029064,0.697572909279153,1.05651619282938,0.603385237775924,"W10004_0430/PHK76",4,2
"43",43,42,0.0909993207038821,0.100026951433964,0.238850999723672,0.697738156237695,1.04225747927277,0.62491297216104,"W10004_0179/PHK76",5,2
"44",44,41,0.0871859530681436,0.0988291878598946,0.241450589902413,0.713026134212021,1.04970997063756,0.632254921518199,"W10004_0879/PHK76",6,2
"45",45,40,0.0839044413229939,0.107419050622679,0.24202463981983,0.690325612158732,1.02399815841987,0.644429102223982,"W10004_0782/PHK76",7,2
"46",46,39,0.0799074467478736,0.146371235672255,0.270268200826812,0.706102680231085,0.946237440266999,0.684732094749415,"TX773/TX779",8,2
"47",47,38,0.085378727215553,0.0952710463531265,0.240874721013663,0.726181135820054,1.0590927494301,0.628655681027335,"W10004_0389/PHK76",9,2
"48",48,37,0.100639296785409,0.0605344122750011,0.222208393625429,0.769987018694119,1.14849905721461,0.565534927538538,"LH82/TX779",10,2
"49",49,36,0.0941976816691492,0.0919591441238046,0.233659369721043,0.70145765486055,1.06013108784445,0.602946880882939,"W10004_0041/PHK76",11,2
"50",50,35,0.101967518228096,0.0601524714529985,0.216937813601766,0.730536453362918,1.13874258096484,0.561086062718041,"F42/H95",12,2
"51",51,34,0.104244868787955,0.0358940241335865,0.202906176777217,0.751670483321406,1.20373957883711,0.521328976199643,"W10004_0949/PHK76",13,2
"52",52,33,0.0991919982899708,0.0618838041402717,0.22139864118446,0.749020326486706,1.13948366682949,0.562075680115036,"W10004_0649/PHK76",14,2
"53",53,32,0.0962225973798171,0.0643071073310893,0.220144841389211,0.722655537566403,1.13019001371932,0.564354850154237,"W10004_0632/PHK76",15,2
"54",54,31,0.0995033511607242,0.0623552132558305,0.219601698933266,0.734207441639601,1.13522056573571,0.561187531471342,"W10004_0199/PHK76",16,2
"55",55,30,0.0963980709512696,0.0592599726025959,0.213978549483218,0.708788437591462,1.13864483149084,0.560673552839805,"W10004_0062/PHK76",17,2
"56",56,29,0.0974912423307264,0.0615024160420569,0.20573563681486,0.640969658617987,1.11840821447758,0.552287016013504,"W10004_0264/PHK76",18,2
"57",57,57,0.104266804285835,0.0494789595619609,0.200697522485686,0.667424270365192,1.15289730694942,0.536679800203265,"W10004_0688/PHK76",11,3
"58",58,58,0.101571108122976,0.0494869822615323,0.20524740206759,0.702874560722094,1.16017227507341,0.545852635314168,"W10004_1140/PHK76",12,3
"59",59,59,0.104303488064959,0.0607662860747452,0.214226076852192,0.71257307040633,1.13517974331141,0.556165898132868,"W10004_1001/PHK76",13,3
"60",60,60,0.100449259362989,0.0597254791644133,0.215468112831055,0.723738014758969,1.14055027296436,0.555563337531782,"W10004_0715/PHK76",14,3
"61",61,61,0.0977286795644103,0.0869290258886399,0.234756042986282,0.728935105159408,1.07542292863621,0.602091480904545,"W10004_0220/PHK76",15,3
"62",62,62,0.0970543049289166,0.0979339690386744,0.240225300377081,0.723551704135261,1.05144884292044,0.615214435786189,"W10004_0008/PHK76",16,3
"63",63,63,0.110180115342086,0.0688594207051617,0.222358245746691,0.738055912269858,1.11841522312026,0.574108417713657,"LH74/PHN82",17,3
"64",64,64,0.0962134609854903,0.0811924274967774,0.229189484933694,0.729647203579467,1.08989152117292,0.592930044921228,"W10004_0098/PHK76",18,3
"65",65,65,0.0998428081350933,0.0755446427516933,0.225903766838706,0.729394639359134,1.10494649631212,0.579228504889341,"W10004_0032/PHK76",19,3
"66",66,66,0.101044163888335,0.0770693046309393,0.227792315176027,0.725507012919857,1.09849460805282,0.584027814480367,"W10004_0885/PHK76",20,3
"67",67,67,0.0983514443135681,0.0907271639570411,0.233137252876079,0.711986117547849,1.06592577307666,0.603454431265009,"B14A/H95",21,3
"68",68,68,0.0947179419638348,0.0976969239874491,0.239357357333664,0.720960581634867,1.05349406700354,0.618086380331923,"W10004_0093/PHK76",22,3
"69",69,69,0.0933387577586272,0.0919157596583433,0.236900422380984,0.727407954722186,1.06699860357747,0.615804388349928,"W10004_0776/PHK76",23,3
"70",70,70,0.102827565418838,0.0420280488833206,0.208738833275334,0.767576791989019,1.19103147139148,0.544916527836594,"W10004_0828/PHK76",23,4
"71",71,71,0.0981429642194281,0.0761053413268555,0.226378106223794,0.718495598325066,1.10055714573616,0.584649771312107,"W10004_0981/PHK76",22,4
"72",72,72,0.0914863816664204,0.0878595275553647,0.231228825678471,0.69659649963664,1.06990796013867,0.605086703645022,"W10004_0636/PHK76",21,4
"73",73,73,0.108929450450592,0.0546663005849852,0.209852676214322,0.701647135750637,1.14597856132449,0.549795469461955,"LOCAL_CHECK",20,4
"74",74,74,0.107729108392969,0.0586231957589448,0.212039389880442,0.697260879587584,1.13781369410888,0.543113944758369,"W10004_0110/PHK76",19,4
"75",75,75,0.10875767391014,0.0479214263399655,0.205062156590641,0.697911526723103,1.16308439664985,0.532914678005705,"W10004_0733/PHK76",18,4
"76",76,76,0.102339094984427,0.0679780608572079,0.212840290202861,0.657856053945902,1.10711583582602,0.549440681546055,"W10004_0465/PHK76",17,4
"77",77,77,0.107968387698658,0.0547450454950285,0.204158705697276,0.668555478440605,1.14018211103319,0.536992722232168,"W10004_0774/PHK76",16,4
"78",78,78,0.103871397476609,0.0713530017156908,0.214068227612982,0.656007057438881,1.09990177394704,0.554326216409543,"W10004_0047/PHK76",15,4
"79",79,79,0.0926700360616267,0.0980771254956981,0.228475924090545,0.636614583812633,1.0325060834415,0.611644055566142,"W10004_0687/PHK76",14,4
"80",80,80,0.0884895485075433,0.0869693441813295,0.221946082898078,0.646519622433533,1.06232714923852,0.600049260402664,"W10004_0852/PHK76",13,4
"81",81,81,0.0941263744257255,0.0713616935507515,0.211414228594706,0.644246988000418,1.09753030311909,0.575909510263581,"W10004_0014/PHK76",12,4
"82",82,82,0.104583589257455,0.0390146859469493,0.19081530162944,0.649405561862555,1.17661020208931,0.519040277537004,"W10004_0667/PHK76",11,4
"83",83,83,0.104333166148655,0.0580693741115942,0.198491945165606,0.612657933728205,1.12240815847065,0.531679705667437,"W10004_0684/PHK76",10,4
"84",84,84,0.108081401137848,0.042301562180502,0.192377099513532,0.642431073027794,1.16629347946173,0.508870122611285,"W10004_0409/PHK76",9,4
"85",85,112,0.114809055345501,0.0500804786476251,0.198768319268175,0.648947877245538,1.14909687585696,0.511332833043279,"W10004_0969/PHK76",20,5
"86",86,111,0.118843357688283,0.0380505460924266,0.192989283046166,0.670123853516296,1.18136761144491,0.501616681515303,"W10004_0501/PHK76",19,5
"87",87,110,0.10266419345226,0.046314653700093,0.197594037291936,0.658026732731177,1.16038997592476,0.532074001123669,"W10004_0768/PHK76",18,5
"88",88,109,0.103104247409244,0.0631696827553093,0.211244876880079,0.674623393975109,1.12311023184494,0.559752547982749,"W10004_0614/PHK76",17,5
"89",89,108,0.0977477117755009,0.078565732994682,0.217139378576741,0.648569905962057,1.08007587769602,0.578217281355032,"W10004_1105/PHK76",16,5
"90",90,107,0.0933866976537314,0.0883526507092108,0.227833150108892,0.688098121488209,1.06878347027029,0.599885481920467,"W10004_1004/PHK76",15,5
"91",91,106,0.11728055127425,0.0471471934214862,0.200281806385658,0.679743389810804,1.16169405162954,0.52094422847083,"W10004_0645/PHK76",14,5
"92",92,105,0.103414458577944,0.0805247211751086,0.221388980425091,0.668447866544647,1.07991083462054,0.579761476730374,"W10004_0757/PHK76",13,5
"93",93,104,0.107994626277862,0.0540690425627636,0.201737768890225,0.650025038022389,1.13722724344114,0.525221337635731,"W10004_0236/PHK76",12,5
"94",94,103,0.118863063391743,0.0393570761926366,0.19889656433355,0.708686444968143,1.18428613951797,0.512769784950773,"W10004_1084/PHK76",11,5
"95",95,102,0.104660451020128,0.0561604685176217,0.213647351708924,0.72756872130128,1.15016618684433,0.559911711298988,"W10004_0971/PHK76",10,5
"96",96,101,0.101030478576655,0.0547183254920494,0.212032573583347,0.720739575373902,1.1516247695908,0.561009334390056,"W10004_0900/PHK76",9,5
"97",97,100,0.089762086660244,0.0960465848414209,0.239249667533203,0.730958346379137,1.05960399813313,0.620223016718235,"W10004_0970/PHK76",8,5
"98",98,99,0.0850296281335972,0.0976340750664117,0.242777863975249,0.737870874198542,1.05552417415589,0.635322899549037,"W10004_0101/PHK76",7,5
"99",99,98,0.0864136847188194,0.0853580294049146,0.240671369907611,0.778008805839984,1.09300965336913,0.626224233249523,"W10004_0063/PHK76",6,5
"100",100,97,0.0880706019003564,0.102871796504133,0.248020455457635,0.758211060957008,1.04930077108776,0.643178561337156,"W10004_0171/PHK76",5,5
"101",101,96,0.0892292572706715,0.12116447741209,0.251665282320373,0.705615223244854,0.997106741747217,0.654935631339674,"W10004_0612/PHK76",4,5
"102",102,95,0.0994026311579897,0.0608930059931761,0.222296305193643,0.778508316046643,1.14761401701775,0.574651874211788,"W10004_0673/PHK76",3,5
"103",103,94,0.0914104098024511,0.104419369240801,0.246879130859191,0.730088740528165,1.03883518524904,0.627670460119989,"W10004_0851/PHK76",2,5
"104",104,93,0.0926418110312879,0.095941943712045,0.241255006560471,0.734235348786838,1.05726130729747,0.620206340934666,"W10004_0618/PHK76",1,5
"105",105,92,0.0869429619758116,0.106818390903582,0.243769153747202,0.70730924375621,1.02501122020874,0.642731041682699,"W10004_1080/PHK76",1,4
"106",106,91,0.0973901868555154,0.0761910975358826,0.228771931767252,0.747655797456304,1.10695751609038,0.597753366544561,"W10004_1052/PHK76",2,4
"107",107,90,0.111642992250868,0.0267043403726115,0.201308680556997,0.801365534741832,1.23389145363791,0.517609628295179,"W10004_0487/PHK76",3,4
"108",108,89,0.122683088842708,0.0628768365161249,0.220058250956913,0.753793103449451,1.13725483714773,0.542981242864409,"W10004_0231/PHK76",4,4
"109",109,88,0.113367233969899,0.0914156953821032,0.235550005973747,0.718110307921421,1.06417182477321,0.593896763084073,"W10004_0932/PHK76",5,4
"110",110,87,0.106023343329144,0.0898653517252018,0.233427940497565,0.705079899563594,1.0630849339713,0.591500016250483,"W10004_0189/PHK76",6,4
"111",111,86,0.110958685860197,0.0387114917893785,0.201553622088113,0.729610505052351,1.18961586978987,0.523080045126521,"W10004_0691/PHK76",7,4
"112",112,85,0.105302100627584,0.0521940103090886,0.207400143455539,0.699064615379646,1.15277153862597,0.546870297814699,"W10004_0291/PHK76",8,4
"113",113,113,0.105531107921387,0.0552036845501684,0.212515163651463,0.727680978231115,1.15162589577164,0.56124810668673,"W10004_0792/PHK76",21,5
"114",114,114,0.0984519211901339,0.0734110744085073,0.222710122474791,0.717934692810532,1.10504003803289,0.585444420342209,"W10004_0624/PHK76",22,5
"115",115,115,0.107601297542633,0.0413459541902982,0.211642701473264,0.794037390513926,1.19571909799589,0.540996605377644,"W10004_0799/PHK76",23,5
"116",116,116,0.101620683837674,0.066454797745888,0.222130285859122,0.731800103738389,1.12511915821414,0.568767556899698,"W10004_0680/PHK76",23,6
"117",117,117,0.0994134608244586,0.0747861979468505,0.230401590145289,0.767203994159938,1.11150547566856,0.594702149812598,"W10004_0784/PHK76",22,6
"118",118,118,0.0903559622875844,0.109282941114281,0.24774597078839,0.72571793112739,1.02608920105715,0.64344532572464,"TX714/TX779",21,6
"119",119,119,0.0909933858037662,0.0929368951166994,0.235814153326671,0.72847140597697,1.06229380905987,0.624029021030309,"W10004_0661/PHK76",20,6
"120",120,120,0.0906835877137894,0.119903481283739,0.250480068467318,0.692100098805509,0.993349600997499,0.647736755988423,"REDEAR/LH195",19,6
"121",121,121,0.0946459026624634,0.0969976065862844,0.24130911909246,0.734581556876356,1.0549565080734,0.61701097824606,"W10004_0756/PHK76",18,6
"122",122,122,0.0947365253434902,0.0775140017627017,0.228837487007447,0.735886440031417,1.09953757278239,0.602386923251066,"W10004_0814/PHK76",17,6
"123",123,123,0.0969988802945335,0.077458474750408,0.228646953224764,0.75030796776117,1.10479818865184,0.596716422209245,"W10004_0006/PHK76",16,6
"124",124,124,0.0867127502359551,0.118648859923804,0.255607436064762,0.741034078119891,1.01571706145302,0.657007827101757,"W10004_0119/PHK76",15,6
"125",125,125,0.0827099523053483,0.121115461473724,0.25592890770122,0.723364766404368,1.00262139334509,0.665534372843378,"W10004_0178/PHK76",14,6
"126",126,126,0.0849357651258456,0.110404522653555,0.248207015803888,0.728929251921275,1.02458540399109,0.655688461250594,"W10004_0922/PHK76",13,6
"127",127,127,0.0875746764113938,0.0792906851198446,0.23480970643956,0.76979963631034,1.10528628326751,0.611262449462733,"W10004_0974/PHK76",12,6
"128",128,128,0.0992419618910054,0.0463996499890823,0.213236566057423,0.783342235632275,1.18380718072651,0.560113697953797,"W10004_0702/PHK76",11,6
"129",129,129,0.101833443646472,0.0724679695235972,0.220072435924792,0.700123677556744,1.10521869062971,0.579677082758011,"W10004_0010/PHK76",10,6
"130",130,130,0.10076422444129,0.0567268412253577,0.214841742796568,0.748720435889916,1.15286766480943,0.564279457713732,"W10004_0212/PHK76",9,6
"131",131,131,0.103759126614711,0.0490411377594476,0.209467856117431,0.73585462201074,1.16894642005184,0.543472185614124,"W10004_0896/PHK76",8,6
"132",132,132,0.104648740871783,0.0481560642126865,0.204019422043284,0.697949237839715,1.16471063961709,0.536226535913937,"W10004_0203/PHK76",7,6
"133",133,133,0.0972610329530622,0.0900455653308545,0.224382500442833,0.647652638812136,1.05305075253084,0.598389768942004,"W10004_0346/PHK76",6,6
"134",134,134,0.104327535983898,0.0525310430744832,0.200626320642304,0.656877417251351,1.14341314281565,0.538305097045812,"W10004_0787/PHK76",5,6
"135",135,135,0.0948020396969728,0.115269612483937,0.239002007135492,0.640750530037087,0.992975370733651,0.630288143537963,"W10004_0116/PHK76",4,6
"136",136,136,0.112317287431843,0.0609156995760089,0.2051376875818,0.642238177677126,1.12012486631417,0.538067142305326,"W10004_0396/PHK76",3,6
"137",137,137,0.117253694434313,0.0442900076584428,0.203311843798208,0.720595743102358,1.17698020014883,0.521271530893574,"W10004_0637/PHK76",2,6
"138",138,138,0.10535584412541,0.0488565031060282,0.202787240426783,0.689264757801331,1.16074999704567,0.537564244079482,"W10004_0745/PHK76",1,6
"139",139,139,0.107360150392595,0.0505659322116637,0.19959969020601,0.651931112128743,1.1478509138525,0.527805003983172,"W10004_0505/PHK76",1,7
"140",140,140,0.105796731720372,0.0557946773445889,0.203565308466721,0.651314514914458,1.13513355871732,0.53348322408785,"W10004_0097/PHK76",2,7
"141",141,168,0.114104441933508,0.0260834270030364,0.188840804074408,0.701508354490214,1.21901795787391,0.488708691450395,"W10004_0045/PHK76",17,8
"142",142,167,0.111624170287839,0.0393731873417905,0.197669881306181,0.710131202307001,1.18590121093674,0.516963944234764,"W10004_0913/PHK76",18,8
"143",143,166,0.109011633701976,0.0349944792889354,0.201315224699462,0.756441586288142,1.20587468742657,0.520759871831642,"B37/MO17",19,8
"144",144,165,0.0973136088632877,0.0716590224772468,0.220063343430592,0.711983935693848,1.11099821199361,0.576152137661924,"W10004_0914/PHK76",20,8
"145",145,164,0.0886209672447845,0.0997918864063019,0.227196950192078,0.631294696456614,1.0282271823039,0.613312650398364,"W10004_0073/PHK76",21,8
"146",146,163,0.095088008027782,0.0849686904090551,0.223316632075367,0.659314666329055,1.06796918583754,0.591880599132941,"W10004_0935/PHK76",22,8
"147",147,162,0.0915398147709939,0.0857847604813279,0.223938544699856,0.660457437351468,1.06593136964905,0.607738678121373,"W10004_0707/PHK76",23,8
"148",148,161,0.0944626462911846,0.0745703205391903,0.220925666954474,0.684262483272682,1.09978811872261,0.592465959528259,"W10004_0848/PHK76",23,7
"149",149,160,0.103131414735019,0.0317268372226873,0.198928280274899,0.748892503748943,1.21432061375181,0.521495235781792,"W10004_0840/PHK76",22,7
"150",150,159,0.0984436124175044,0.069475928644575,0.221599028875234,0.719339414217913,1.11819386471757,0.577814481020863,"W10004_0783/PHK76",21,7
"151",151,158,0.0997577237864387,0.0469287381879577,0.207308210844132,0.72846318836078,1.17203133969864,0.552715271541456,"W10004_0996/PHK76",20,7
"152",152,157,0.110333395620434,0.0398057905703339,0.202670562682601,0.738778222024482,1.19030030194017,0.533208709082297,"W10004_0192/PHK76",19,7
"153",153,156,0.101836473478055,0.0387624922905543,0.210826846964194,0.806098947859053,1.20594965372341,0.553629357332592,"W10004_0819/PHK76",18,7
"154",154,155,0.0870572289336546,0.101676244496302,0.244476714751582,0.737785236970712,1.0471712625758,0.640703450306178,"W10004_0427/PHK76",17,7
"155",155,154,0.079708745188424,0.116975078037659,0.257308115314701,0.756749884979884,1.0205033789362,0.666898790452826,"W10004_0309/PHK76",16,7
"156",156,153,0.0885938354716308,0.0970946369029361,0.241828209589363,0.761053916031083,1.06251718559161,0.635377075522658,"W10004_0943/PHK76",15,7
"157",157,152,0.0926766123086725,0.111504121919173,0.25170234814759,0.750958239480565,1.03024504684366,0.649363520223251,"W10004_0306/PHK76",14,7
"158",158,151,0.0865057394684437,0.104202710363363,0.246684824859013,0.764943666830612,1.04655509401656,0.646391851720711,"LH195/TX779",13,7
"159",159,150,0.0846607181622625,0.122307260337492,0.257152677081199,0.737464324320563,1.00072763861653,0.666530038962189,"W10004_0474/PHK76",12,7
"160",160,149,0.0832869921271853,0.118975521644932,0.255652915198478,0.737440529487463,1.00878498625786,0.656798186230768,"TX110/87916",11,7
"161",161,148,0.0779827923763189,0.134463299796542,0.266528012826299,0.731138841566155,0.974692942310582,0.684769302537684,"W10004_0197/PHK76",10,7
"162",162,147,0.0822897443688585,0.120278829756866,0.255800244283125,0.740161314118381,1.00531097932042,0.669872321371138,"W10004_0843/PHK76",9,7
"163",163,146,0.0951129313809636,0.0992733857989673,0.241146068768207,0.732176334393228,1.04821007906921,0.635484886422359,"PHG39/PHN82",8,7
"164",164,145,0.112987119406988,0.0610775374283995,0.223571974312497,0.794418523635168,1.14749224725289,0.560470835678157,"B73/MO17",7,7
"165",165,144,0.112979608454857,0.0528952396494165,0.214895292723286,0.761468722991117,1.16064134426161,0.548605105319358,"W10004_0217/PHK76",6,7
"166",166,143,0.106997795884796,0.0609120715389471,0.218610861239779,0.74344253249453,1.14031062220001,0.555095678536399,"W10004_0963/PHK76",5,7
"167",167,142,0.111959907336726,0.061599173811126,0.222653918567488,0.773051652300572,1.14348473310061,0.559600370712269,"W10004_0807/PHK76",4,7
"168",168,141,0.122208750263118,0.0549601368716898,0.21623385135608,0.762848656428959,1.15635097608763,0.543410293267643,"W10004_0467/PHK76",3,7
"169",169,169,0.101480733641506,0.0820837938262414,0.228122178168151,0.715622212962392,1.08388645008798,0.590530370413798,"TX777/LH195",16,8
"170",170,170,0.102683375901288,0.0802509060645091,0.229116947679433,0.733436483796132,1.09047041014109,0.592581983501239,"W10004_0953/PHK76",15,8
"171",171,171,0.108573182347832,0.0510871415666085,0.214435157830384,0.772637469073944,1.16583010211936,0.554924755463724,"F42/OH43",14,8
"172",172,172,0.109261794276918,0.0681934400341417,0.223912780553792,0.753298220780318,1.12475623508134,0.563438212213899,"W10004_0115/PHK76",13,8
"173",173,173,0.101680619527031,0.0705570142678138,0.227894980300329,0.771511600900154,1.12003168942726,0.59234827597946,"W10004_0806/PHK76",12,8
"174",174,174,0.0958664118267396,0.0877403187825661,0.23541335175456,0.736578304221246,1.07553804789956,0.620770743755595,"TX779/LH195",11,8
"175",175,175,0.105990265048213,0.0724904047341969,0.229059084162123,0.782413886800377,1.11812391963948,0.595987850883986,"W10004_0224/PHK76",10,8
"176",176,176,0.0980356620000978,0.0832155755025393,0.229759006946232,0.723069948236858,1.08308512157509,0.600054863140658,"W10004_0068/PHK76",9,8
"177",177,177,0.0904734087186159,0.101999404924805,0.241363078460945,0.719811964990908,1.03965257987079,0.635964228507939,"W10004_0403/PHK76",8,8
"178",178,178,0.0781759041229195,0.121167972470212,0.255901291031126,0.728270857556695,1.00223703892971,0.6771449224449,"PHW52/PHN82",7,8
"179",179,179,0.0807117505066021,0.117182816405867,0.250278196608524,0.729716570316606,1.00910804033374,0.672289056821791,"W10004_1063/PHK76",6,8
"180",180,180,0.0765527681030021,0.166405238475521,0.284105720838687,0.713685938415658,0.911943638804991,0.713082657554051,"W10004_0965/PHK76",5,8
"181",181,181,0.0782039715391251,0.120808516290637,0.252028525899475,0.708491289512364,0.996743686437267,0.679859682640487,"W10004_0760/PHK76",4,8
"182",182,182,0.0809198624335564,0.129608238939769,0.255308769478604,0.684814469096912,0.973268971025823,0.672778014224451,"W10004_0154/PHK76",3,8
"183",183,183,0.084656358906676,0.100119191903719,0.241951054584271,0.728437072678766,1.04744397275222,0.641856937389356,"W10004_0729/PHK76",2,8
"184",184,184,0.0972601909910066,0.0740739435053202,0.224121143247305,0.720686982705232,1.1050227707269,0.593807971064037,"W10004_0795/PHK76",1,8
"185",185,185,0.100178591944579,0.0712429664439233,0.222005416270999,0.713661859912179,1.11127980282533,0.586686979446508,"W10004_0092/PHK76",1,9
"186",186,186,0.0948343889391544,0.0840261138216537,0.22852276511055,0.703187857927401,1.07796556034507,0.607532563318671,"W10004_0381/PHK76",2,9
"187",187,187,0.103931174891904,0.0537173974533394,0.212019315254066,0.730820668120321,1.15611065615788,0.55480626050234,"W10004_0837/PHK76",3,9
"188",188,188,0.101761983831243,0.045938743840284,0.207237363519302,0.738545068560659,1.17473701070883,0.551874547542736,"W10004_0830/PHK76",4,9
"189",189,189,0.092555114966342,0.108653306739277,0.237521045317473,0.657438679852174,1.01569834919422,0.626490779501567,"W10004_0800/PHK76",5,9
"190",190,190,0.0933620176654346,0.0804780510745676,0.228887931952914,0.728284426534759,1.09426851295505,0.60254854099591,"W10004_0650/PHK76",6,9
"191",191,191,0.0971981334285726,0.0551965355854481,0.212486299485755,0.724048636816363,1.14885015144093,0.573662091148449,"W10004_0095/PHK76",7,9
"192",192,192,0.0939334233159406,0.0825838835099802,0.226138347942813,0.696538685275064,1.08161021538425,0.596287753386521,"PHW52/PHM49",8,9
"193",193,193,0.0944741232775351,0.0885858649509048,0.234548150680131,0.72360674068253,1.07306629098606,0.60931222134885,"W10004_0754/PHK76",9,9
"194",194,194,0.0962240898912759,0.0525480804906729,0.213064721841222,0.767764580252519,1.16605045274038,0.567059864730229,"W10004_0292/PHK76",10,9
"195",195,195,0.102214603561678,0.059255752989973,0.212842400278641,0.723701770466558,1.14222499579207,0.556047864788821,"W10004_0727/PHK76",11,9
"196",196,196,0.114558708468307,0.0273075521361679,0.194475263446036,0.745160713873345,1.22425467106747,0.496833475325022,"W10004_0930/PHK76",12,9
"197",197,224,0.117905890707441,0.0145065738335583,0.190495737235447,0.794422181798785,1.26469228302041,0.484420784051063,"W10004_0928/PHK76",7,10
"198",198,223,0.111727847278945,0.0264321846112095,0.200662457022359,0.812003594500425,1.23659101466539,0.519056627629351,"W10004_0815/PHK76",8,10
"199",199,222,0.0954476073523531,0.0649334132528069,0.223222189048553,0.775620203609705,1.13826122917535,0.587297093159491,"W10004_0982/PHK76",9,10
"200",200,221,0.0915877071349913,0.0997348676475438,0.236736981765318,0.703447941453897,1.04236120691758,0.627149011088492,"W10004_0070/PHK76",10,10
"201",201,220,0.0936787906637106,0.0751372989379074,0.222113664310861,0.707836351341228,1.09944303359235,0.594588123196339,"W10004_0646/PHK76",11,10
"202",202,219,0.0908338381938919,0.10037216338037,0.241326511535503,0.723567278807002,1.04539324962939,0.631971022712827,"W10004_0685/PHK76",12,10
"203",203,218,0.0886236880117041,0.118125373654358,0.247508795296164,0.701409114098354,1.00047386930554,0.659195073599558,"W10004_0242/PHK76",13,10
"204",204,217,0.0896233628052668,0.0877223705358479,0.226987506021515,0.677260334356801,1.06488421549541,0.611899492303302,"W10004_0140/PHK76",14,10
"205",205,216,0.0893332568147286,0.103305849376314,0.236786384479564,0.674599278566974,1.02903299788652,0.631884591236851,"PB80/TX779",15,10
"206",206,215,0.0883259654895379,0.105686916863229,0.238676761410421,0.694046145034994,1.02556909142867,0.641214820084919,"W10004_1020/PHK76",16,10
"207",207,214,0.0858456055200806,0.0962515185526992,0.242240717920643,0.759345511812144,1.06404219017191,0.643506129496401,"B73/TX779",17,10
"208",208,213,0.0967825344932468,0.078504532373915,0.227632694053723,0.730837195462619,1.10135081659038,0.59057822439386,"W10004_0794/PHK76",18,10
"209",209,212,0.0979898387217205,0.0749381284920859,0.227610718377542,0.654754114565257,1.11165857378642,0.594834720397099,"W10004_0031/PHK76",19,10
"210",210,211,0.0926796414183983,0.0830471314508434,0.23185189213094,0.752245549852939,1.0889874189629,0.611810688676559,"W10004_0055/PHK76",20,10
"211",211,210,0.0929986894008497,0.102600412523826,0.239755148152628,0.707650025842646,1.03843827189637,0.631562210768966,"W10004_0868/PHK76",21,10
"212",212,209,0.0917324440126608,0.0843823970802396,0.233385919731864,0.74339917582868,1.08611843167254,0.621339981911331,"W10004_0713/PHK76",22,10
"213",213,208,0.0853549329060799,0.11853974743298,0.258016311468853,0.751536258142425,1.01635682566123,0.665661861250891,"B73/PHM49",23,10
"214",214,207,0.0806616529440865,0.116348784688636,0.252813576713863,0.736424209591739,1.01482931218612,0.674204968763119,"W10004_1037/PHK76",23,9
"215",215,206,0.0876628769987171,0.118749853340139,0.253014027928028,0.721213752928447,1.00409233802919,0.659155357400063,"W10004_0751/PHK76",22,9
"216",216,205,0.0895972302529465,0.094481710101713,0.239880364002657,0.738278374563839,1.06290612899929,0.628813623915549,"W10004_0877/PHK76",21,9
"217",217,204,0.0896021587093148,0.0796926915784067,0.232701353116631,0.757875503615765,1.09998836057257,0.607033510168653,"W10004_0704/PHK76",20,9
"218",218,203,0.0932463622939977,0.0921017111926946,0.235830033529467,0.733605410200949,1.06535327699241,0.623292721319776,"W10004_0916/PHK76",19,9
"219",219,202,0.100016620060976,0.0774798162428073,0.231275369694709,0.76350465220577,1.10600257768162,0.595902849096713,"W10004_0380/PHK76",18,9
"220",220,201,0.0990131340025229,0.0838597336723118,0.233655987009706,0.746743675140694,1.08334766318433,0.606024309091752,"W10004_0148/PHK76",17,9
"221",221,200,0.0939850126127017,0.0816421505397081,0.227525570489739,0.709208084195641,1.08293422642831,0.599066039719242,"W10004_0106/PHK76",16,9
"222",222,199,0.0984522503444002,0.0685609310762874,0.221490526186621,0.744119087079761,1.11845705921478,0.596322695046016,"W10004_0383/PHK76",15,9
"223",223,198,0.10294737214646,0.0555836899247245,0.215565849787145,0.765285517088506,1.15509382884602,0.573141922237975,"W10004_0194/PHK76",14,9
"224",224,197,0.10899931024429,0.0608082884282358,0.219361427608092,0.760103188140981,1.14249801643583,0.558145720094802,"W10004_1002/PHK76",13,9
"225",225,225,0.121557526625905,0.0435268842385721,0.20664818665861,0.742429062660692,1.18141359347887,0.523867430171578,"W10004_0644/PHK76",6,10
"226",226,226,0.113589702342447,0.0477359407295133,0.209078201324282,0.745835801849379,1.17082066740706,0.544240562701632,"W10004_0149/PHK76",5,10
"227",227,227,0.108267406132272,0.0319005325250592,0.202896642652988,0.787679528013027,1.21635596106432,0.530100212655294,"2369/LH123HT",4,10
"228",228,228,0.0988286074102762,0.0828511747153413,0.224267784561356,0.687853391615575,1.07491599103119,0.590312009386531,"W10004_0712/PHK76",3,10
"229",229,229,0.0999234490943788,0.0679764436745068,0.223082301456588,0.751543401584503,1.12371046994164,0.587180181228133,"B14A/OH43",2,10
"230",230,230,0.0944218664128885,0.0723588702858563,0.225080080599455,0.743412533814627,1.11364565845381,0.599542037828963,"W10004_1064/PHK76",1,10
"231",231,231,0.0956601263050543,0.0846314537568158,0.232040833249316,0.736095980949723,1.08287112614016,0.614660759843815,"W10004_0866/PHK76",1,11
"232",232,232,0.0944697661781603,0.0826502948045405,0.230131461730181,0.739038443780801,1.08544521008354,0.617111776945552,"W10004_0651/PHK76",2,11
"233",233,233,0.091921265252038,0.0821269511578708,0.232395966248219,0.737824937597586,1.08834076390671,0.618098372919067,"W10004_0190/PHK76",3,11
"234",234,234,0.0920985783149364,0.0984870119889572,0.238001076656493,0.705633739577034,1.04431207698983,0.627124449984487,"W10004_0682/PHK76",4,11
"235",235,235,0.0947320052043548,0.068685199224989,0.225523473033098,0.776820092153853,1.12824133258559,0.604817766309008,"W10004_0988/PHK76",5,11
"236",236,236,0.0884085144106269,0.113893216117906,0.254643808565924,0.748940288514152,1.02695600157361,0.651252787008554,"W10004_0122/PHK76",6,11
"237",237,237,0.0885861188605999,0.109504632668378,0.246125846397459,0.720353067029291,1.02230110799472,0.658112524949969,"W10004_0153/PHK76",7,11
"238",238,238,0.0884009876854553,0.0781055924850116,0.231389650391002,0.745585926642496,1.10017886954976,0.61519021748933,"W10004_0669/PHK76",8,11
"239",239,239,0.0904275657633973,0.0913509138532402,0.239837006188582,0.748089182158247,1.0712586755924,0.622102233288276,"W10004_0268/PHK76",9,11
"240",240,240,0.0935315804653751,0.0901366739337282,0.236408551885945,0.743056834883614,1.07122139074144,0.621190729495016,"W10004_0071/PHK76",10,11
"241",241,241,0.100228156410032,0.0701426034148096,0.222289254458443,0.718688645975923,1.11242656543346,0.591297692213006,"W10004_0064/PHK76",11,11
"242",242,242,0.0960772733598867,0.0793051246786115,0.225234778100135,0.698030053074868,1.08674325731605,0.599093518970625,"W10004_0771/PHK76",12,11
"243",243,243,0.09917262980899,0.0597990890630469,0.213590374711072,0.704179897094149,1.13546424073098,0.564826389655014,"F42/MO17",13,11
"244",244,244,0.100456342220589,0.0804028438045542,0.22265931000656,0.685920605058844,1.08182707098671,0.586290597163865,"W10004_0818/PHK76",14,11
"245",245,245,0.0991878341615735,0.0720469609835715,0.218530846779537,0.686475598088151,1.10215468053168,0.575533089270888,"W10004_0059/PHK76",16,11
"246",246,246,0.0934460920034106,0.10438449433926,0.23784949909441,0.691443242976176,1.02926638984865,0.62804017605927,"B14A/MO17",17,11
"247",247,247,0.0936805536328852,0.0898124056440828,0.225172399586732,0.664227677993845,1.05446253456823,0.61032174254135,"CG119/CG108",18,11
"248",248,248,0.0901944790024637,0.068135334046707,0.217626736839095,0.692474665491005,1.11464711964121,0.591077361813838,"W10004_0836/PHK76",19,11
"249",249,249,0.0954091046071481,0.0633605494784843,0.215862684066212,0.715562262424044,1.12888364383829,0.574753363269723,"W10004_0476/PHK76",20,11
"250",250,250,0.101144063893543,0.0372934736741964,0.207682483067247,0.802170280141939,1.20760901661302,0.549148825112362,"B37/H95",21,11
"251",251,251,0.107230873188588,0.0507730657898368,0.21100454763494,0.752291830499067,1.16654442280586,0.547404756272047,"W10004_0802/PHK76",22,11
"252",252,252,0.11570230412268,0.0424940229629242,0.201860527464283,0.718405612248566,1.18151890167689,0.514097814184315,"W10004_0099/PHK76",23,11
"253",253,280,0.12436601642545,0.0319624702674526,0.191103143076527,0.689412815126137,1.20005180820923,0.488529365854683,"W10004_0628/PHK76",6,13
"254",254,279,0.112653973903428,0.0544085970074101,0.209211694940251,0.714834747675057,1.149256727113,0.540405548037162,"W10004_0774/PHK76",5,13
"255",255,278,0.108856538101942,0.0519162835207312,0.207253074790582,0.712706748114739,1.15513954404255,0.539889244037988,"W10004_0667/PHK76",4,13
"256",256,277,0.103477617518865,0.0503623190795809,0.208231371042173,0.729777330714177,1.16290975801023,0.547086579518096,"W10004_0913/PHK76",3,13
"257",257,276,0.101044607290493,0.0635577322617674,0.214368943362186,0.705060723330678,1.12674942519757,0.563733180658389,"W10004_0362/PHK76",2,13
"258",258,275,0.103040773871633,0.055293422436525,0.207542062117574,0.697931266165386,1.14226197047007,0.557159165925671,"PB80/TX779",1,13
"259",259,274,0.102829886346508,0.0783074876075318,0.222995825376223,0.703192262530608,1.08876438483998,0.589858226875526,"W10004_0185/PHK76",1,12
"260",260,273,0.113605458082248,0.0408308482255094,0.200228304762047,0.711608824132434,1.18062037484173,0.518163311507953,"W10004_0035/PHK76",2,12
"261",261,272,0.1093421162885,0.0368480436787536,0.202597863858032,0.750341117788486,1.19846861893381,0.521918664803537,"W10004_0161/PHK76",3,12
"262",262,271,0.10543288658863,0.0641004625643022,0.218228827657353,0.733510904182283,1.13036198815926,0.568474440670925,"W10004_0951/PHK76",4,12
"263",263,270,0.115158514182313,0.0342493146244317,0.203444141573901,0.779016512477148,1.21077034706299,0.524119040587935,"W10004_0039/PHK76",5,12
"264",264,269,0.121499329750255,0.0246142428450047,0.198645010564315,0.795238909959061,1.23750134688174,0.503648835300095,"W10004_0200/PHK76",6,12
"265",265,268,0.104194580226751,0.0553538598994533,0.221904255640079,0.807259835384191,1.16520287589037,0.565536183740348,"W10004_0658/PHK76",7,12
"266",266,267,0.0938610838838817,0.0926705355901939,0.242898958168942,0.763988394624232,1.0702217225836,0.618473891884699,"W10004_0166/PHK76",8,12
"267",267,266,0.0889026105632951,0.109700043625224,0.255458618282421,0.77601866746385,1.03693328628021,0.647615547314657,"W10004_0121/PHK76",9,12
"268",268,265,0.092888961291137,0.0961375263652985,0.243308091961767,0.755583825068266,1.06123553019539,0.627919617978017,"W10004_0697/PHK76",10,12
"269",269,264,0.094833977584831,0.0921510941187816,0.240963059697008,0.756534100510575,1.07103163929461,0.629185251035768,"W10004_0885/PHK76",11,12
"270",270,263,0.0992804619069057,0.0681536192012561,0.230483782145573,0.809276948296471,1.13687852384722,0.597813337127355,"W10004_1156/PHK76",12,12
"271",271,262,0.0961803884846689,0.0715979513170506,0.231093742331963,0.798208719988283,1.12310613691526,0.603417578074994,"W10004_0723/PHK76",13,12
"272",272,261,0.0892471760929797,0.0880927599257108,0.240666283313886,0.779642259021752,1.08355371924214,0.628099674826489,"W10004_0018/PHK76",15,12
"273",273,260,0.0938200499420221,0.0828661392193255,0.234047889054184,0.762677586744891,1.09107669533461,0.618282321138501,"W10004_0935/PHK76",16,12
"274",274,259,0.103204949557604,0.0674706470534094,0.226329707203338,0.787895529047078,1.13109843030924,0.588753418354693,"W10004_0412/PHK76",17,12
"275",275,258,0.112796411306403,0.0394128315982145,0.20970943708596,0.803307619153232,1.20009068822744,0.540887741910124,"W10004_0834/PHK76",18,12
"276",276,257,0.103916572391763,0.0746351901116094,0.22695636536858,0.745526249033322,1.10828871722494,0.578766200751241,"W10004_0914/PHK76",19,12
"277",277,256,0.108844556805388,0.0485791562074445,0.207331988642847,0.725389893573075,1.16517477575774,0.539043738265344,"W10004_0847/PHK76",20,12
"278",278,255,0.114479621570721,0.0280488758163882,0.198137911743457,0.772112976063157,1.22414269254662,0.514456512606131,"CG44/CGR01",21,12
"279",279,254,0.113748016087327,0.0374798649869718,0.201791404284233,0.738199899639161,1.19452606339326,0.520923378720496,"W10004_1099/PHK76",22,12
"280",280,253,0.126077843733336,0.0268579654799732,0.201732361386136,0.817995905160317,1.23381649190406,0.508419989917526,"TX779/LH195",23,12
"281",281,281,0.130248282669743,0.027839295115893,0.198254805066563,0.779135665090796,1.22444543167007,0.499308020416868,"W10004_0412/PHK76",7,13
"282",282,282,0.12345640615495,0.0357503788006777,0.205432663627359,0.782890866857124,1.2061557135213,0.521145423881561,"W10004_0308/PHK76",8,13
"283",283,283,0.112974045929055,0.0443514398746641,0.2062863341717,0.741143610336604,1.17914206743465,0.534223510694539,"LH195/TX779",9,13
"284",284,284,0.116152438548535,0.0281922144578065,0.199888395018211,0.783518286992975,1.22593113771936,0.513494784449034,"W10004_1002/PHK76",10,13
"285",285,285,0.111161694809346,0.0564629764872308,0.214460608753445,0.747018845454129,1.15047284344079,0.555577159781794,"W10004_0844/PHK76",11,13
"286",286,286,0.105582795669053,0.0338365911614322,0.203983258871223,0.798002616283985,1.21171420227955,0.543076160093719,"LH82/TX779",12,13
"287",287,287,0.109084233984193,0.0562933415786779,0.217451120722879,0.772834893398356,1.15446473202642,0.568050458689416,"W10004_0152/PHK76",13,13
"288",288,288,0.117156573115937,0.0323119343129585,0.20915218415742,0.83793439591136,1.22392075418501,0.526769796460085,"W10004_1011/PHK76",14,13
"289",289,289,0.102758548748916,0.0491670151207293,0.216722325518289,0.805594060879234,1.1776259852993,0.569503430564045,"W10004_0116/PHK76",15,13
"290",290,290,0.094007457579851,0.0841578650831655,0.237268392603652,0.778957516161564,1.09159798706333,0.617618847432208,"W10004_0646/PHK76",16,13
"291",291,291,0.0997360224222906,0.0738324315308341,0.228423739948755,0.778570717270743,1.11547191012673,0.599931578472483,"W10004_0830/PHK76",17,13
"292",292,292,0.0942402770713879,0.105256932495764,0.247626710872607,0.742227830187836,1.03674924404645,0.645765109481996,"W10004_0133/PHK76",18,13
"293",293,293,0.101827077968722,0.0645996255561294,0.226745385437452,0.78685961146618,1.13799440099357,0.588817628535171,"W10004_0920/PHK76",19,13
"294",294,294,0.106780140792183,0.0594330753947341,0.223413408401526,0.799369339324002,1.15351196876435,0.567833241565002,"W10004_0026/PHK76",20,13
"295",295,295,0.105911928649253,0.0614625703404213,0.22451299501118,0.787295179985059,1.14640711513896,0.566356706038747,"W10004_0951/PHK76",21,13
"296",296,296,0.116634011900924,0.0214915517546697,0.200761194068879,0.83685833583415,1.2530117671996,0.504112769668908,"B73/MO17",22,13
"297",297,297,0.120407216303951,0.0373790570638975,0.203901663574772,0.757196594178355,1.19916111968186,0.520409622961754,"CG44/CGR01",23,13
"298",298,298,0.115796168361474,0.0396967207368139,0.202986764601972,0.73663778377437,1.1900193371015,0.520521745435266,"W10004_0206/PHK76",23,14
"299",299,299,0.108026408366108,0.0450731867034269,0.206565290452597,0.736822075343729,1.17760772027829,0.535953851545242,"W10004_0823/PHK76",22,14
"300",300,300,0.107357709887594,0.0555181716329417,0.212654965611378,0.732792487546019,1.15227832020319,0.547460477695456,"W10004_0938/PHK76",21,14
"301",301,301,0.109691683509684,0.0550761838297656,0.208246405603168,0.690324849853494,1.14430184767467,0.539994327259382,"W10004_0127/PHK76",20,14
"302",302,302,0.113400602835649,0.0400375905762637,0.19847806484833,0.693092302466158,1.18074046548098,0.51874859684254,"W10004_0705/PHK76",19,14
"303",303,303,0.0999820922210739,0.0860055101222803,0.221299281819961,0.648713248678066,1.06095584375232,0.586028381244184,"W10004_0394/PHK76",18,14
"304",304,304,0.100707371729923,0.0736365018622604,0.216848137115039,0.675385810318974,1.09630801610886,0.581513490067118,"W10004_0727/PHK76",17,14
"305",305,305,0.1063964916749,0.0553449705803763,0.207611271230517,0.693361168153667,1.14301072043342,0.551792850447609,"W10004_0299/PHK76",16,14
"306",306,306,0.122005226069553,0.0390398084402845,0.197383278956469,0.694359686638929,1.18382201328498,0.504616507573807,"W10004_0626/PHK76",15,14
"307",307,307,0.119398730681707,0.0512601510052227,0.204406068042307,0.689227786182186,1.15158399313001,0.526168930743374,"W10004_0253/PHK76",14,14
"308",308,308,0.11460020337061,0.04178216454621,0.202780676774009,0.733154897634796,1.183842831531,0.523095414476637,"W10004_0842/PHK76",13,14
"309",309,336,0.126030809511128,0.0260072574074702,0.193250561515076,0.77525167829182,1.2255841741773,0.489124629943149,"W10004_1099/PHK76",16,15
"310",310,335,0.124177762215473,0.033045492801664,0.194006929278839,0.702258345165562,1.20004967933953,0.49343531216645,"W10004_1112/PHK76",15,15
"311",311,334,0.122398150884693,0.0383622105564561,0.200125493740079,0.725961477011178,1.19165150494775,0.509696076576603,"W10004_0856/PHK76",14,15
"312",312,333,0.110584293784204,0.0479810771023094,0.204750569742064,0.71422761915821,1.16485367356248,0.537289431879976,"W10004_0695/PHK76",13,15
"313",313,332,0.110862335874372,0.0529294816030786,0.204222219136641,0.682993082868449,1.14771305552436,0.543092399601773,"TX110/87916",12,15
"314",314,331,0.113003802401035,0.0448422479863815,0.20167876138229,0.699293456320641,1.16942610603381,0.528179260053047,"W10004_0146/PHK76",11,15
"315",315,330,0.120911579710382,0.0363892086301391,0.196867992664956,0.706513738124465,1.19171704821583,0.509799495304598,"W10004_0262/PHK76",10,15
"316",316,329,0.118470249451031,0.0333609317329608,0.199143168761776,0.742835349870651,1.2071814354719,0.506030554465165,"W10004_0620/PHK76",9,15
"317",317,328,0.120989903370611,0.0432199944417274,0.20635611221982,0.749147499362629,1.18235604078085,0.51279890926447,"W10004_0789/PHK76",8,15
"318",318,327,0.118237345934011,0.0329277279340317,0.203168447699043,0.780961881534052,1.21369440821486,0.514413859590848,"W10004_0013/PHK76",7,15
"319",319,326,0.120966473801085,0.0359847361915949,0.205433064524361,0.778596068674879,1.20613816395871,0.519909157594461,"W10004_0223/PHK76",6,15
"320",320,325,0.116954532501045,0.0473262857694898,0.208819884678118,0.741717561552862,1.17121341181891,0.530007609175647,"W10004_0982/PHK76",5,15
"321",321,324,0.108346368033714,0.0533342959868894,0.218562150010949,0.787719633824037,1.16587816169755,0.550764306816487,"W10004_0956/PHK76",4,15
"322",322,323,0.103292330457635,0.079711627254472,0.231316556371908,0.763021136945466,1.09691465210668,0.591370133248606,"W10004_0011/PHK76",3,15
"323",323,322,0.0989279001848944,0.0613597120927646,0.226171041163993,0.811010168935336,1.15063893564923,0.5784405746688,"W10004_0467/PHK76",2,15
"324",324,321,0.109453537460385,0.0467079558733985,0.219702262222528,0.851128220129114,1.19160226184081,0.565778309252976,"F42/H95",1,15
"325",325,320,0.105192220130426,0.0795375742094012,0.232586020625348,0.781061983506087,1.10172706859648,0.59632678665654,"W10004_0395/PHK76",1,14
"326",326,319,0.116921807382811,0.0460615093467351,0.221805812414112,0.885064118544538,1.19924565614965,0.553165172339397,"W10004_0150/PHK76",2,14
"327",327,318,0.104597948624591,0.073651645488345,0.230762704231305,0.795165214318655,1.11617956521529,0.593381842247476,"W10004_0106/PHK76",3,14
"328",328,317,0.111554365237437,0.0542605117713689,0.222493937756246,0.827577447259359,1.1689152208154,0.56102403514869,"W10004_1117/PHK76",4,14
"329",329,316,0.115543793466766,0.0319936959620345,0.209691447081424,0.856115992503354,1.22704041922325,0.530598194093757,"W10004_0138/PHK76",5,14
"330",330,315,0.106404782384585,0.0706503461446576,0.228782140925197,0.78965553484416,1.12229500281426,0.590218512417563,"W10004_0238/PHK76",6,14
"331",331,314,0.103713543617869,0.0767766995565659,0.229031310675465,0.758002271744272,1.10184801734825,0.604389716733067,"W10004_0751/PHK76",7,14
"332",332,313,0.112080378761961,0.0452474307024273,0.214199503002527,0.803122868877808,1.18740569684958,0.542004030893688,"W10004_0042/PHK76",8,14
"333",333,312,0.119303532632111,0.0217597790338451,0.196918381063114,0.799565912842278,1.24534537115968,0.500591619700394,"W10004_0220/PHK76",9,14
"334",334,311,0.126085425930099,0.0218826907423213,0.197340046682369,0.806057154839599,1.24652370768287,0.494738171083006,"W10004_0997/PHK76",10,14
"335",335,310,0.139037316873447,0.0330762420089003,0.203280071326162,0.77613461243711,1.21331039110629,0.497580701890193,"W10004_0086/PHK76",11,14
"336",336,309,0.140681988539735,0.045613776408771,0.210778141412934,0.770461065693849,1.17993712105122,0.51743887344907,"W10004_1081/PHK76",12,14
"337",337,337,0.130778082138933,0.0273776612588223,0.201511384202976,0.802790364709145,1.23148813169,0.493863068264648,"W10004_0148/PHK76",17,15
"338",338,338,0.129920703097187,0.0245118552734398,0.201907444601397,0.826620454991724,1.24349229343574,0.496362878031452,"W10004_0682/PHK76",18,15
"339",339,339,0.131214407640183,0.0179210957855245,0.201829546075402,0.878890848375611,1.26703720167825,0.493156231364191,"W10004_0859/PHK76",19,15
"340",340,340,0.130105205738466,0.0165841754318137,0.197275826237563,0.831966855550038,1.26528186585288,0.478861154624271,"W10004_0329/PHK76",20,15
"341",341,341,0.128566609732228,0.0152457572349798,0.19563480926619,0.837678617518624,1.26885399378744,0.48705675812172,"REDEAR/LH195",21,15
"342",342,342,0.121858022744763,0.0298749815921128,0.206658490004146,0.846553837505328,1.23098594554986,0.522937076401937,"W10004_0276/PHK76",22,15
"343",343,343,0.116201843452793,0.0636809410966732,0.227445094982079,0.829702744130224,1.14640333618047,0.57621050498216,"W10004_1015/PHK76",23,15
"344",344,344,0.107726548261778,0.0620937093928026,0.226013892553547,0.820065185224673,1.14822789282934,0.577118664081073,"W10004_0134/PHK76",23,16
"345",345,345,0.108902685711806,0.0436058808529475,0.217354944757682,0.846258294940438,1.19722351806647,0.556502726503538,"W10004_1014/PHK76",22,16
"346",346,346,0.0959753560271519,0.100736563064873,0.24963789737409,0.797728832451316,1.05706829467792,0.633196889583422,"W10004_0696/PHK76",21,16
"347",347,347,0.0982865302195268,0.112204983273426,0.251979244827167,0.765307856632399,1.0235697595355,0.644038911764684,"W10004_0781/PHK76",20,16
"348",348,348,0.10828494176915,0.0460182781834009,0.219677189090837,0.845147749686482,1.19428137339134,0.557346479704722,"W10004_0027/PHK76",19,16
"349",349,349,0.110095109583,0.0726060563862213,0.229828115809829,0.789204586786517,1.11836659895559,0.586608518704416,"W10004_0038/PHK76",18,16
"350",350,350,0.10555992280798,0.0567447854507476,0.222955512537568,0.808049683651853,1.15873255949698,0.575163652750094,"W10004_1140/PHK76",17,16
"351",351,351,0.107576347709974,0.0543557600765997,0.221629841673929,0.816564854910299,1.16736484168321,0.55812963714862,"W10004_0736/PHK76",16,16
"352",352,352,0.106494613517775,0.0500033396511929,0.21890714593617,0.822913516426507,1.17870718659418,0.554934330282322,"W10004_0760/PHK76",15,16
"353",353,353,0.114791147656263,0.0461079228863478,0.210821236790161,0.762657564469162,1.17852914306011,0.537810713419139,"W10004_0270/PHK76",14,16
"354",354,354,0.119940145877653,0.0313313389825995,0.203402235533307,0.79540527586991,1.22074819537128,0.514811502737867,"W10004_0396/PHK76",13,16
"355",355,355,0.117910417387297,0.0322426954903497,0.20256049315172,0.776822947926824,1.21534114146067,0.515527694867563,"W10004_0664/PHK76",12,16
"356",356,356,0.120214654513234,0.0332895909299247,0.202969121238903,0.773658184801182,1.21208118565906,0.505719476645035,"W10004_0974/PHK76",11,16
"357",357,357,0.11469505944142,0.0512652932473064,0.209322543060496,0.719943482672578,1.15725868997185,0.541477455867083,"W10004_0487/PHK76",10,16
"358",358,358,0.104754496006865,0.082078391245434,0.219778260245454,0.651343504695416,1.06927045436145,0.582716087079461,"TX773/TX779",9,16
"359",359,359,0.106422025123094,0.0593470454212222,0.210776573327253,0.699213986490139,1.13335333309033,0.556473302587639,"W10004_0918/PHK76",8,16
"360",360,360,0.101145787975985,0.076947131958294,0.216408337091373,0.649211010064486,1.08216769516861,0.577681225156257,"W10004_0955/PHK76",7,16
"361",361,361,0.11406676178463,0.0335030902797052,0.198466049002091,0.750848875954055,1.20660787470081,0.522020885337047,"W10004_0840/PHK76",6,16
"362",362,362,0.128287255426962,0.0242039837511217,0.193013396146808,0.752192502559858,1.23107562039023,0.485587578830557,"W10004_0984/PHK76",5,16
"363",363,363,0.128865699461224,0.0248429958580556,0.191219230192999,0.727755507554774,1.22565094207946,0.476960273035855,"W10004_0608/PHK76",4,16
"364",364,364,0.128566877399454,0.0238310117921944,0.191850749110333,0.74521150366967,1.23167471841226,0.480294041080772,"W10004_0097/PHK76",3,16
"365",365,391,0.125357982648344,0.0283301895451463,0.194813441825329,0.743388406491004,1.21897685948029,0.492908649989658,"W10004_0807/PHK76",22,18
"366",366,390,0.120715816555693,0.0364553659297139,0.196546042528315,0.699595330239792,1.19099993470242,0.501282995475178,"W10004_0053/PHK76",23,18
"367",367,389,0.122145006460688,0.0385274887976813,0.197087301368045,0.695097797710754,1.18505450320203,0.501519934682704,"W10004_0953/PHK76",23,17
"368",368,388,0.125613880844362,0.0356929805040879,0.194728943447444,0.692331946871078,1.19102741551611,0.503179846883334,"W10004_0711/PHK76",22,17
"369",369,387,0.120429557724306,0.039820596000266,0.198265816892715,0.698667905789328,1.18171249301148,0.511438006333658,"W10004_0112/PHK76",21,17
"370",370,386,0.125871359820276,0.0551076542970095,0.209200463530154,0.711303674593447,1.14491166101624,0.534266414171449,"W10004_0010/PHK76",20,17
"371",371,385,0.129219377243057,0.0418756781011923,0.198642309451493,0.691351167296023,1.17474249149746,0.510534110325936,"W10004_0672/PHK76",19,17
"372",372,384,0.126074965079951,0.0313015330957684,0.189799989629818,0.680834206137307,1.19922003047873,0.483605403077295,"W10004_0907/PHK76",18,17
"373",373,383,0.120102004826716,0.0271831751090429,0.200743233401246,0.789574228554212,1.23069277682467,0.504875796688493,"W10004_0964/PHK76",17,17
"374",374,382,0.114957757675041,0.0455127141701266,0.204846595004611,0.721603229243301,1.17205103992754,0.528589689561668,"B37/H95",16,17
"375",375,381,0.113791721269517,0.0360875293012156,0.202806781910629,0.762289749102741,1.2040714220067,0.52419735570577,"W10004_0424/PHK76",15,17
"376",376,380,0.114490346846078,0.0385884059658004,0.204935943732099,0.768074974659958,1.1974089087285,0.527273575115561,"W10004_0991/PHK76",14,17
"377",377,379,0.107795390561638,0.0490637818610524,0.21603076791867,0.812991889665054,1.17916557820682,0.555465241270866,"W10004_0891/PHK76",13,17
"378",378,378,0.104128693349032,0.0492074789379124,0.220309222571355,0.830100468006957,1.18180201955158,0.561012425432982,"W10004_1123/PHK76",12,17
"379",379,377,0.103152211924438,0.0641916135767187,0.226410966924832,0.799868069847435,1.13983644644378,0.580069058515416,"W10004_1037/PHK76",11,17
"380",380,376,0.108346178491463,0.0501952540119824,0.220115219351309,0.828993362122206,1.17804476045787,0.56954386189624,"W10004_0242/PHK76",10,17
"381",381,375,0.10197019701814,0.0811237374516673,0.240407323113841,0.829578069179718,1.10848788437349,0.614935476093441,"B73/TX779",9,17
"382",382,374,0.101002601928627,0.0887608032759363,0.242421322531745,0.816835285164191,1.08605050994937,0.617338185576644,"W10004_0068/PHK76",8,17
"383",383,373,0.105272672319759,0.0555357644769433,0.227301601173162,0.857427027317384,1.17068665260082,0.578742642758122,"W10004_0419/PHK76",7,17
"384",384,372,0.106003066282747,0.0838954665071661,0.238797982868745,0.80231762608923,1.09255555972889,0.60322310071587,"W10004_0110/PHK76",6,17
"385",385,371,0.116403880882652,0.0439652490726762,0.218536846438802,0.8624122721542,1.19746508343655,0.550874512045974,"W10004_0072/PHK76",5,17
"386",386,370,0.108115796433015,0.0644663557112923,0.228633575175283,0.823122862161646,1.14316761804844,0.58656928462363,"W10004_0061/PHK76",4,17
"387",387,369,0.112716772689606,0.0362754374161115,0.209769772251154,0.827856189906185,1.2126035261464,0.541419100237148,"W10004_1072/PHK76",3,17
"388",388,368,0.141149458744528,0.0194941448084816,0.203315373226831,0.897730009079559,1.26415430993267,0.497052596509961,"W10004_0046/PHK76",2,17
"389",389,367,0.124298526462179,0.026970845660057,0.2019098499149,0.811992172239355,1.23294865446113,0.509674262710749,"W10004_0747/PHK76",1,17
"390",390,366,0.127309989138659,0.0316121430471453,0.206889422485615,0.83666372889018,1.22472380555377,0.518228254422404,"F42/OH43",1,16
"391",391,365,0.129907278599809,0.030226514880566,0.20406087518726,0.80132210544118,1.22409152654169,0.499598099108959,"W10004_0812/PHK76",2,16
"392",392,392,0.133987366387725,0.024996987846057,0.203562627474098,0.838600759384235,1.24260972890521,0.488081232485351,"W10004_0746/PHK76",21,18
"393",393,393,0.137745774454236,0.0293558266699675,0.206612442254374,0.844252403943744,1.2310448863827,0.496428436005787,"W10004_0654/PHK76",20,18
"394",394,394,0.136869503690816,0.0226384361880582,0.207004723426919,0.885532268259078,1.25658434906105,0.490334840364544,"W10004_0007/PHK76",19,18
"395",395,395,0.133587604285458,0.0181694878208951,0.197717123842066,0.836773421130519,1.26057818725876,0.4799997278264,"W10004_0034/PHK76",18,18
"396",396,396,0.127503084220259,0.022895811530982,0.19830477095819,0.808374473560446,1.24289361941663,0.500820061476109,"W10004_0858/PHK76",17,18
"397",397,397,0.122488633755883,0.0288757097326831,0.201877933933578,0.801561127791532,1.22813553954578,0.510567321234477,"W10004_0787/PHK76",16,18
"398",398,398,0.118569498040576,0.0386809336962942,0.207954794964923,0.795914990176169,1.20181849093782,0.53127886161571,"W10004_0622/PHK76",15,18
"399",399,399,0.127840356098647,0.0323058992688346,0.208615396149689,0.837810392825439,1.22391603428723,0.525153409582237,"W10004_0194/PHK76",14,18
"400",400,400,0.125363132628157,0.0323455482076035,0.204715015880373,0.804351138480528,1.21905045576355,0.520819954243934,"W10004_0773/PHK76",13,18
"401",401,401,0.105706762680922,0.0737317891534417,0.229649067198855,0.778445081148919,1.11525344626272,0.590048479478054,"W10004_0261/PHK76",12,18
"402",402,402,0.111675999120104,0.0499645785381342,0.220586589810388,0.828054836228587,1.18118378242318,0.552222533244903,"W10004_0886/PHK76",11,18
"403",403,403,0.100097142590753,0.0799801729601999,0.235009897680301,0.791468854840897,1.10178598405368,0.606864983692337,"W10004_0213/PHK76",10,18
"404",404,404,0.0985718949674051,0.0914418804561126,0.241721157489997,0.794523030022033,1.0775897967416,0.624710485693457,"W10004_0950/PHK76",9,18
"405",405,405,0.0989445424853878,0.0721470212984638,0.22968125778824,0.789203191196504,1.12082885796108,0.594884517106731,"W10004_1084/PHK76",8,18
"406",406,406,0.103117107747249,0.067542927185932,0.229695037878612,0.80186466515813,1.13396994660677,0.594484884747934,"W10004_0701/PHK76",7,18
"407",407,407,0.110810440122235,0.0354272572624926,0.211866077856611,0.839299114903698,1.21754099340483,0.532807976343347,"W10004_0227/PHK76",6,18
"408",408,408,0.112705479930082,0.041551130103689,0.212628275320631,0.79973581104172,1.19614667911727,0.542272172657877,"W10004_0801/PHK76",5,18
"409",409,409,0.116175697109081,0.0473502109692966,0.208914554762628,0.753036565095308,1.1725726412651,0.536597458504918,"B37/OH43",4,18
"410",410,410,0.1219160781736,0.0251771051042903,0.194628341815336,0.755174672113813,1.22927571256036,0.503858321651575,"W10004_0616/PHK76",3,18
"411",411,411,0.116132568507007,0.0404478902800659,0.199194281320207,0.703495728545896,1.18151567157775,0.521165230872783,"W10004_0832/PHK76",2,18
"412",412,412,0.115089848480929,0.0348638590537355,0.199021527722867,0.724451790219661,1.20041504905309,0.517297150464798,"W10004_0118/PHK76",1,18
"413",413,413,0.120429325572807,0.0511121503408573,0.20401694394168,0.685654534526508,1.15102139617133,0.527157733545913,"W10004_0203/PHK76",1,19
"414",414,414,0.138671726015558,0.0281452946890033,0.191751443734973,0.719541971738601,1.21406682099121,0.489036015247665,"W10004_0241/PHK76",2,19
"415",415,415,0.116796994758941,0.0352696960959622,0.193710696056726,0.687967934241199,1.19092133062885,0.51071726498879,"W10004_0876/PHK76",3,19
"416",416,416,0.117991798304136,0.0348141621909052,0.191166939780698,0.669985026103008,1.18887614860209,0.497454116156953,"W10004_0691/PHK76",4,19
"417",417,417,0.114105886493959,0.0614849256856472,0.210713313794823,0.686712340840294,1.12626758808172,0.545618584021795,"W10004_0988/PHK76",5,19
"418",418,418,0.11949275923028,0.0358969706249573,0.198129935838965,0.720886501723016,1.1967560381428,0.504340037592679,"W10004_0869/PHK76",6,19
"419",419,419,0.13403948573412,0.0348283444214379,0.194717014474308,0.699052649436382,1.19529093659041,0.486381355524981,"W10004_0625/PHK76",7,19
"420",420,420,0.130203594181997,0.0239495893588821,0.191870671204761,0.742424816719796,1.23116388251973,0.485646710059942,"W10004_0032/PHK76",8,19
"421",421,448,0.129422319563991,0.0347523994319469,0.195443983737922,0.703050407451353,1.19570920684518,0.48649861671305,"W10004_0087/PHK76",11,20
"422",422,447,0.128445550663355,0.0353618803913223,0.195019073114731,0.691626095649646,1.19210073869654,0.487043788420879,"W10004_1032/PHK76",12,20
"423",423,446,0.119685202317606,0.0295960145589757,0.194497554997119,0.727117348279516,1.21331614296529,0.494413495326323,"W10004_0732/PHK76",13,20
"424",424,445,0.125685994843557,0.0273969887641889,0.193810366896521,0.738421654426364,1.22074159786785,0.497721373134997,"W10004_0221/PHK76",14,20
"425",425,444,0.1201978849754,0.048112562816622,0.200410464724452,0.683724434168285,1.15749855037253,0.528783641525031,"PHG39/PHN82",15,20
"426",426,443,0.11912830772855,0.0594905214251376,0.207706601026244,0.679205734024151,1.12789348425195,0.541888696531676,"W10004_1004/PHK76",16,20
"427",427,442,0.12276457876689,0.0355186333987124,0.192143894809614,0.677082421318408,1.18838695534562,0.499055063839566,"W10004_0619/PHK76",17,20
"428",428,441,0.124956763544685,0.0173424675597823,0.187762060824195,0.755428258190046,1.24928019517811,0.473523960384801,"W10004_0714/PHK76",18,20
"429",429,440,0.120386230833049,0.0347525020497025,0.199866159964878,0.736280313211939,1.20209260848411,0.512152789758335,"W10004_0417/PHK76",19,20
"430",430,439,0.122429232684647,0.0352056230584109,0.201616451767676,0.753510777295974,1.20297446393437,0.514598358766259,"W10004_0037/PHK76",20,20
"431",431,438,0.11501247068492,0.0338624377240785,0.201122883561484,0.758845582620072,1.20801041215309,0.520101010235865,"W10004_0361/PHK76",21,20
"432",432,437,0.114911708821493,0.0434383530764904,0.205442347419754,0.749460226063786,1.18383404751685,0.531502867337726,"W10004_0344/PHK76",22,20
"433",433,436,0.120116694997887,0.029882795326494,0.207552142440911,0.848784589658348,1.23149214161894,0.520218614020298,"W10004_0069/PHK76",23,20
"434",434,435,0.118933067431254,0.0342300536336823,0.209419714065274,0.841595978218413,1.21914318452351,0.526796954690651,"LH74/PHN82",23,19
"435",435,434,0.113554346088235,0.0572683417928158,0.223136051126558,0.831726752104031,1.16097966185029,0.568505885740258,"W10004_0196/PHK76",22,19
"436",436,433,0.098280951158923,0.080535701269016,0.236103739542349,0.821653317279601,1.10322471287442,0.619483440197527,"W10004_0393/PHK76",21,19
"437",437,432,0.0967591378165818,0.105038724323865,0.249449486258041,0.786851391016237,1.04389261596877,0.642339518924068,"W10004_0775/PHK76",20,19
"438",438,431,0.0984307435878888,0.0740045778044645,0.234578738684519,0.815798482815669,1.12091857101356,0.603039197185943,"W10004_1045/PHK76",19,19
"439",439,430,0.0949004203270886,0.0945022544361022,0.244295932311208,0.79495384509958,1.07012052824294,0.63034123747717,"B73/PHM49",18,19
"440",440,429,0.107297695145721,0.0603950959647537,0.227967056291637,0.846816164733693,1.15777385355057,0.579371026796589,"W10004_0888/PHK76",17,19
"441",441,428,0.119941650261313,0.028535388657181,0.208310907068989,0.871959852359226,1.23893940379903,0.532639691053814,"W10004_0649/PHK76",16,19
"442",442,427,0.121210524763361,0.0334954598373575,0.206830356670917,0.822609741199293,1.21723043665522,0.533250063889239,"W10004_0167/PHK76",15,19
"443",443,426,0.11165353007374,0.0555467456033904,0.220064299785845,0.803981087943986,1.16195927993088,0.567101471941893,"W10004_0820/PHK76",14,19
"444",444,425,0.132655280406926,0.029247408775309,0.208991116337682,0.859262833818413,1.23464384834005,0.519396580861967,"W10004_0474/PHK76",13,19
"445",445,424,0.13084022992858,0.0292708913377304,0.203501899887101,0.803422485949435,1.22654142441468,0.497713346788809,"W10004_0783/PHK76",12,19
"446",446,423,0.135966615999286,0.0240269230941328,0.199854953440154,0.810280527246515,1.24061423567441,0.4812190541467,"W10004_0132/PHK76",11,19
"447",447,422,0.138645965261649,0.0291366596190044,0.200098959215057,0.793539620787768,1.22234234730262,0.489539880345334,"PHW52/PHN82",10,19
"448",448,421,0.136831308093996,0.033981627768433,0.209784568687545,0.825147420524211,1.21843809045576,0.496360031417843,"W10004_0119/PHK76",9,19
"449",449,449,0.135536327270534,0.0272616991552275,0.20580356344948,0.846455767829737,1.23720193652857,0.492121122133913,"W10004_0828/PHK76",10,20
"450",450,450,0.129296231966207,0.0342302494410055,0.196383632567937,0.718197772579122,1.19768666540802,0.484974560399576,"W10004_0311/PHK76",9,20
"451",451,451,0.139107321808201,0.0259890052755784,0.199456940001151,0.794142939551737,1.23282490365738,0.485575716356309,"2369/LH123HT",8,20
"452",452,452,0.132368564468197,0.0243950107111816,0.200652503926863,0.822369064373787,1.24042501973138,0.497351767596361,"F42/MO17",7,20
"453",453,453,0.135692233472884,0.0299931099250945,0.200068932584661,0.773652540410765,1.21898841913494,0.509064585070502,"W10004_0410/PHK76",6,20
"454",454,454,0.106736933199051,0.0517315180785189,0.216105813430558,0.787935532593205,1.16904350767891,0.56517145463841,"W10004_0745/PHK76",5,20
"455",455,455,0.117557527092475,0.0622524550149253,0.218781109272231,0.75132586633076,1.13535177255549,0.568658344596347,"W10004_1118/PHK76",4,20
"456",456,456,0.1209051836175,0.0204081915249506,0.19798591474463,0.825695280601831,1.25237211814731,0.502528710222548,"W10004_0602/PHK76",3,20
"457",457,457,0.120886572416481,0.0415559146588529,0.21367147834523,0.82210794359163,1.19888850436156,0.537076267428785,"W10004_0689/PHK76",2,20
"458",458,458,0.11333219368626,0.0368301391868707,0.212111943248757,0.840812623449671,1.2135538149395,0.535670347158057,"TX777/LH195",1,20
"459",459,459,0.104847687928165,0.0723340775181571,0.230427610600725,0.797750087498671,1.11953593118991,0.59193970573579,"W10004_0975/PHK76",1,21
"460",460,460,0.0992438423311749,0.102328025192951,0.241450385502164,0.732303371625555,1.03708427828268,0.632960118225912,"W10004_0062/PHK76",2,21
"461",461,461,0.114381354941198,0.0505203203156513,0.218730506213084,0.82298413678351,1.17702432920275,0.557008121019562,"W10004_0268/PHK76",3,21
"462",462,462,0.111145716085298,0.0492968883456788,0.214775277474878,0.782684442632808,1.17329670988297,0.554475586434143,"W10004_0803/PHK76",4,21
"463",463,463,0.108652114830919,0.0520728675568645,0.221324277930957,0.827942223726708,1.17406188746642,0.564066037896332,"W10004_0678/PHK76",5,21
"464",464,464,0.114714298738694,0.0374596147591032,0.210925456884904,0.827006241276949,1.21072035378378,0.533596959846297,"W10004_0160/PHK76",6,21
"465",465,465,0.119028108803676,0.0330547851197262,0.202382968444003,0.775695510380203,1.21239453726889,0.516154133135874,"W10004_0008/PHK76",7,21
"466",466,466,0.120676808936611,0.0283174493064337,0.199450572423669,0.781748370397023,1.2261493431751,0.514288321366986,"W10004_0225/PHK76",8,21
"467",467,467,0.12145266949485,0.0322601767046552,0.200462440094747,0.768857279960535,1.21281579378188,0.513512203151495,"W10004_0884/PHK76",9,21
"468",468,468,0.122266544155548,0.0269675426431965,0.195158218313554,0.750521674634897,1.22399954165425,0.496793225148452,"W10004_0327/PHK76",10,21
"469",469,469,0.11938542290959,0.040080113184888,0.196446160354956,0.681648745400401,1.17747252424725,0.508654431086293,"W10004_0675/PHK76",11,21
"470",470,470,0.12727721077063,0.0436914704580183,0.197917627849397,0.680165577715528,1.16720014252868,0.509798559579149,"W10004_1018/PHK76",12,21
"471",471,471,0.132864890728594,0.0400317348676397,0.200067262063788,0.721012572874948,1.18485111599806,0.51557292726631,"W10004_0659/PHK76",13,21
"472",472,472,0.120210868291291,0.0487320076985598,0.199822679387575,0.660556193017767,1.15252745817061,0.512398811793984,"W10004_0336/PHK76",14,21
"473",473,473,0.127620054327246,0.0340624538503057,0.194380420339494,0.697148181755369,1.19636504965274,0.491711763743919,"W10004_0784/PHK76",15,21
"474",474,474,0.130784609588083,0.0309105263871216,0.190178513842994,0.686417514928147,1.20197191235957,0.482917587380112,"W10004_0144/PHK76",16,21
"475",475,475,0.127521460134863,0.0377467754875644,0.194344545519689,0.673456290562495,1.18204668171509,0.490209789608458,"W10004_0833/PHK76",17,21
"476",476,476,0.124871963876543,0.0377196348808946,0.200840068994183,0.737807052068745,1.19483885784172,0.506012462957445,"W10004_0639/PHK76",18,21
"477",477,504,0.125914660134393,0.0261899896190514,0.189502228254675,0.704250786066591,1.21836304821137,0.477708872139164,"B14A/OH43",27,1
"478",477,504,0.125914660134393,0.0261899896190514,0.189502228254675,0.704250786066591,1.21836304821137,0.477708872139164,"W10004_0800/PHK76",1,22
"479",478,503,0.121618208193851,0.0424050515694271,0.193351503829146,0.641582240850017,1.16325178182038,0.488077012083482,"W10004_0076/PHK76",2,22
"480",478,503,0.121618208193851,0.0424050515694271,0.193351503829146,0.641582240850017,1.16325178182038,0.488077012083482,"Fill/HB",26,1
"481",479,502,0.124648287838488,0.0367211689285737,0.194982445866883,0.685834122500171,1.18782863509204,0.496509685991444,"W10004_0601/PHK76",3,22
"482",479,502,0.124648287838488,0.0367211689285737,0.194982445866883,0.685834122500171,1.18782863509204,0.496509685991444,"Fill/HB",25,1
"483",480,501,0.125672924991728,0.035606078502895,0.198402074495383,0.725652489382167,1.19701483901577,0.506989045912455,"F42/MO17",24,1
"484",480,501,0.125672924991728,0.035606078502895,0.198402074495383,0.725652489382167,1.19701483901577,0.506989045912455,"W10004_0129/PHK76",4,22
"485",481,500,0.112750238872497,0.0576694140927424,0.205294418470418,0.655177053769739,1.12825429361266,0.531714843430126,"B14A/MO17",5,22
"486",482,499,0.125724601248009,0.0472704034641829,0.195948813393373,0.644333268921104,1.15055536230333,0.508666225299737,"W10004_1000/PHK76",6,22
"487",483,498,0.130387674096281,0.0336899867067115,0.193659685372127,0.70104338806837,1.19616690842278,0.491927435236423,"W10004_0189/PHK76",7,22
"488",484,497,0.124949169486044,0.0293207483324398,0.195021711620195,0.735226439520796,1.21480179832122,0.501373460300122,"W10004_0703/PHK76",8,22
"489",485,496,0.123179741433441,0.0255669380940779,0.193270610021169,0.743849705936565,1.22559419711724,0.494523784088219,"W10004_1057/PHK76",9,22
"490",486,495,0.124923715819658,0.0224394392995997,0.197000194802207,0.792255915141677,1.2430090564634,0.491880159814508,"W10004_0254/PHK76",10,22
"491",487,494,0.119295481435322,0.0390622283262069,0.205912474084388,0.775966594909824,1.19706565304999,0.527043372047483,"W10004_0310/PHK76",11,22
"492",488,493,0.114731256705987,0.0342299353572073,0.204036063175757,0.784369911516731,1.21096878037667,0.527251739061671,"W10004_0258/PHK76",12,22
"493",489,492,0.112474647960986,0.0436581766829529,0.212473069100414,0.811561372983497,1.19135213210235,0.544328273478823,"W10004_0717/PHK76",13,22
"494",490,491,0.111403572103727,0.0416094096343681,0.211637223690806,0.80959022174872,1.19621444118811,0.542505253866433,"W10004_0894/PHK76",14,22
"495",491,490,0.110781260477089,0.0438560487269846,0.215050617376684,0.823814461633212,1.19325635887174,0.550758131967281,"B37/MO17",15,22
"496",492,489,0.108069354650904,0.058984970624435,0.219300786629334,0.774285948691961,1.14632369561254,0.570617607586326,"W10004_1104/PHK76",16,22
"497",493,488,0.104583971725322,0.0688852784447575,0.228474235055157,0.799851759836749,1.12913695195562,0.58897218126182,"W10004_0889/PHK76",17,22
"498",494,487,0.109716206654819,0.0595814974571159,0.223774294911028,0.822984196950323,1.15401076111565,0.574863513168101,"W10004_0901/PHK76",18,22
"499",495,486,0.111889114976536,0.053323271042073,0.223568020664417,0.843459805504034,1.17313329597443,0.558825256010177,"W10004_0169/PHK76",19,22
"500",496,485,0.122355717310984,0.0322731029352247,0.210756598678907,0.866379586987306,1.22736293841696,0.529935575333409,"W10004_0674/PHK76",20,22
"501",497,484,0.119269578867293,0.0418940524971758,0.211632784480527,0.815798903229694,1.19589175802935,0.536362878493931,"W10004_0779/PHK76",21,22
"502",498,483,0.133655661986287,0.0312201597789867,0.208920112993084,0.86394564905754,1.22897955969017,0.526960229431964,"W10004_0204/PHK76",22,22
"503",499,482,0.128052848440653,0.0438997194009562,0.209693618423851,0.775585449470672,1.18499525845422,0.530774536400275,"B14A/OH43",23,22
"504",500,481,0.143654951596702,0.0275689253461675,0.200567792266915,0.795797360944563,1.228872825512,0.499875496315344,"B14A/H95",23,21
"505",501,480,0.132483094825287,0.0238302047116351,0.19943318535731,0.807476099178991,1.24042598101035,0.491360019252276,"B73/PHN82",22,21
"506",502,479,0.134805694319417,0.0254619765914752,0.2031720113748,0.827002855023376,1.24003706865639,0.490243321411013,"W10004_0963/PHK76",21,21
"507",503,478,0.132748077443555,0.0310269963375958,0.201572933791945,0.782883351614813,1.21673317293938,0.493637294914072,"CG119/CG108",20,21
"508",504,477,0.142536341217736,0.0284903594937886,0.201167947673414,0.787732585469925,1.22568802270016,0.476698511638445,"W10004_1146/PHK76",19,21
"509",505,505,0.135976859895097,0.0294410765926616,0.200777172508484,0.78307221984248,1.22235850974707,0.481979083617291,"B14A/H95",28,1
"510",506,506,0.145312809379187,0.0257646899497607,0.201584264723323,0.822567811097363,1.2367766948675,0.486124584039224,"B73/PHN82",28,2
"511",507,507,0.132076439555462,0.0280428253872905,0.200081547738749,0.780631963472196,1.22573563417188,0.482642893636779,"2369/LH123HT",27,2
"512",508,508,0.128744126797705,0.0324335117558206,0.197109502556727,0.728863597522034,1.20501347430989,0.487686883771752,"B37/H95",26,2
"513",509,509,0.126220454373415,0.0316013425064091,0.199631411922201,0.763707210231485,1.21250769076556,0.512072688371976,"TX714/TX779",25,2
"514",510,510,0.126363768777064,0.0340891880772249,0.201629875024215,0.761586291613049,1.20631041391004,0.516687862684169,"B37/MO17",24,2
"515",511,511,0.132577008872315,0.0437597244457095,0.209722398400582,0.77897256240649,1.18548688799208,0.525298299459678,"F42/OH43",24,3
"516",512,512,0.120787711320709,0.0442467495265313,0.209842857273764,0.767724126236939,1.18378350910195,0.532134309260132,"B73/TX779",25,3
"517",513,513,0.116159331039346,0.0483329978599685,0.212854033645304,0.773575207653794,1.17219379573391,0.540330567035448,"TX110/87916",26,3
"518",514,514,0.11003763699914,0.0368334752120427,0.210455341669763,0.821557896027895,1.21139043461533,0.536861640661153,"B14A/MO17",27,3
"519",515,515,0.101686443556014,0.0598952022129128,0.224226932248708,0.802675171363197,1.15266427758077,0.57817688266725,"B73/MO17",28,3
"520",516,516,0.101560639313899,0.0830756119249076,0.235359110629664,0.77328598978739,1.09194737568176,0.605555047946535,"B73/PHM49",28,4
"521",517,517,0.106886595223847,0.055602811599258,0.215531074476209,0.750591559812781,1.15330493248343,0.558598692875084,"CG119/CG108",27,4
"522",518,518,0.109545223401057,0.0475997204858225,0.210401380774464,0.759596148731847,1.17396363351927,0.546565392254464,"B37/OH43",26,4
"523",519,519,0.113680686782401,0.0533352684239169,0.213689581880934,0.747581988869061,1.1567798447542,0.551061257889241,"F42/H95",25,4
"524",520,520,0.112586123921722,0.0313776169963476,0.205824446702605,0.818868846598883,1.22325000758349,0.528446758789991,"TX777/LH195",24,4
"525",521,521,0.124440850472877,0.0207223486635432,0.196963315299053,0.80488083740992,1.24974259231119,0.492113059094673,"PHW52/PHN82",24,5
"526",522,522,0.125659580249954,0.0280858300816722,0.196385245560064,0.746383975413664,1.22025357033396,0.488480974059547,"REDEAR/LH195",25,5
"527",523,523,0.126421714941613,0.0328199426342772,0.198414465338262,0.737356537600158,1.20633191846377,0.502603294411716,"CG44/CGR01",26,5
"528",524,524,0.124184696943385,0.0236880690931203,0.191044711128687,0.730729023407941,1.2292774775767,0.479874212923347,"LH74/PHN82",27,5
"529",525,525,0.123813170897188,0.0350083937205618,0.190352675544127,0.66108571364664,1.18623008338585,0.48609613034206,"PHG39/PHN82",28,5
"530",526,526,0.125023894388148,0.0341857069350895,0.189260412288196,0.664116639885479,1.18773368838125,0.484811416921,"F42/H95",28,6
"531",527,527,0.125519364553041,0.0383951064216958,0.189199240961705,0.639421310924985,1.17246809664654,0.488985960728158,"B73/PHM49",27,6
"532",528,528,0.120548291640913,0.05390271503883,0.197907264694033,0.62357929201547,1.13081182486351,0.51627344116953,"PHW52/PHM49",26,6
"533",529,529,0.134989581467972,0.0399019907991469,0.195694184169982,0.672422236428252,1.17616692055723,0.494323725428584,"TX779/LH195",25,6
"534",530,530,0.126032791201832,0.0371486227780926,0.193256255685607,0.671321840747088,1.18294741476522,0.491785732339788,"PHW52/PHN82",24,6
"535",531,531,0.121117930115244,0.041742851701661,0.187256775681105,0.610589501714795,1.15669613683779,0.484828965740769,"CG44/CGR01",24,7
"536",532,532,0.1272832982651,0.0263513455199213,0.186901197424933,0.690984387363472,1.21488638271736,0.488251220020721,"F42/OH43",25,7
"537",533,560,0.123363735961972,0.0292525950334693,0.185407089002037,0.660313191761563,1.20057501696218,0.48247589559631,"LH195/PHK76",24,12
"538",534,559,0.123026341080434,0.039193301846964,0.187038772877226,0.618975637228913,1.1662061638051,0.485946207522283,"LH244/PHN82",25,12
"539",535,558,0.112872870536072,0.0381417315472915,0.195949723516629,0.688989459666054,1.18458863113398,0.508728620771245,"B73/MO17",26,12
"540",536,557,0.119077899396012,0.0374176368261306,0.196526209056527,0.695297455315523,1.18657753993082,0.500389345227975,"PHJ89/PH207",27,12
"541",537,556,0.132482927522207,0.0362404750654269,0.194331110817882,0.686442549252101,1.18752629003725,0.488449961108813,"LH195/PHN82",28,12
"542",538,555,0.133601006602208,0.0356632746289135,0.19434523785197,0.69279309592867,1.18992373468112,0.491857242236711,"PHB47/PHN82",28,11
"543",539,554,0.124665172576375,0.0336751598208203,0.187915323245862,0.655237327831034,1.18805772353912,0.48305478385226,"PHJ40/PHAJ0",27,11
"544",540,553,0.121863593413304,0.0414797382251524,0.194127415699134,0.654088664139144,1.1682552826548,0.49388559954004,"B37/OH43",26,11
"545",541,552,0.120304297151666,0.0303677423975079,0.190553130358469,0.693337156714508,1.20329307514313,0.48690757577701,"LH74/PHN82",25,11
"546",542,551,0.124097443147647,0.0327710275513532,0.198780167727109,0.741385613644023,1.20802427946499,0.502332807931602,"LH244/PHZ51",24,11
"547",543,550,0.115553516459381,0.0332944381338316,0.199908466443531,0.74934011212255,1.20842724026163,0.516703621356224,"B73/TX779",24,10
"548",544,549,0.120070460275894,0.0275315246504481,0.198673191343967,0.774337583363912,1.2267058070559,0.499262156219353,"TX714/TX779",25,10
"549",545,548,0.127182334861369,0.0269839882565324,0.203119722856006,0.818598243823302,1.23491282806355,0.492603879218002,"B14A/H95",26,10
"550",546,547,0.117032767304584,0.0367680127753307,0.209731355767575,0.813176793804396,1.20951964299413,0.528355177192746,"B73/MO17",27,10
"551",547,546,0.109736812132132,0.0513571026280499,0.214338366406073,0.777432893540162,1.1664469673537,0.550008034384779,"2369/LH123HT",28,10
"552",548,545,0.106423567389692,0.0564937257516236,0.219255931323089,0.779185935632497,1.15619035155559,0.5638956618539,"B14A/OH43",28,9
"553",549,544,0.11480990115859,0.0277385318460489,0.205614962387713,0.839925064987334,1.23635447042214,0.518706335973241,"F42/MO17",27,9
"554",550,543,0.112861857229178,0.0561220669021406,0.222186682960208,0.816028196011354,1.16250401549608,0.556053737204699,"TX777/LH195",26,9
"555",551,542,0.113835608836107,0.0451662105114889,0.214540971245633,0.810351722335316,1.18811513813784,0.540849048494813,"B73/PHN82",25,9
"556",552,541,0.13340373632145,0.0337901213480352,0.203718853678041,0.78273602681095,1.21097555491379,0.505716756240424,"CG119/CG108",24,9
"557",553,540,0.125580725758535,0.0282027976875146,0.196872369164987,0.759772980608026,1.22106297111277,0.489433645373357,"TX110/87916",24,8
"558",554,539,0.125534172798966,0.0460932123614734,0.209722477232577,0.760617234908244,1.1762883901384,0.529069484756489,"TX779/LH195",25,8
"559",555,538,0.134202415305034,0.0392282849876081,0.206411249814497,0.765917240086728,1.19525632469145,0.50854273704595,"B37/H95",26,8
"560",556,537,0.137290294609472,0.0278769812566539,0.199578584070013,0.781636992287584,1.22685061663025,0.485577719600294,"B37/MO17",27,8
"561",557,536,0.12768161567172,0.029940078658153,0.200706808268059,0.769541890349167,1.21947188721716,0.48317896680338,"REDEAR/LH195",28,8
"562",558,535,0.127148992429342,0.0327682048913385,0.203606559425198,0.777576053063275,1.21314258481597,0.49797363910086,"B14A/MO17",28,7
"563",559,534,0.135168868395034,0.0398149513084858,0.20626677676311,0.75367511610717,1.19117186504764,0.499561006420657,"PHW52/PHM49",27,7
"564",560,533,0.13592054378055,0.0407644958358666,0.203819842475771,0.727130031921754,1.18426268477806,0.484281928132292,"PHG39/PHN82",26,7
"565",561,561,0.129558177009235,0.0406190103505578,0.201906408347726,0.716220518053327,1.1819077148196,0.491572359093368,"PHB47/PHZ51",24,13
"566",562,562,0.125586034487134,0.0363075025480413,0.201224348733483,0.747271217810262,1.19739985996272,0.497856348332122,"LH195/MO17",25,13
"567",563,563,0.131218231383652,0.0338329556930781,0.203167212991701,0.75709210491638,1.2080758802076,0.478237101474822,"B73/PHN82",26,13
"568",564,564,0.12969429380321,0.0272558351516798,0.193846690479468,0.73460972152172,1.21987209367114,0.464218887741473,"LH195/PHZ51",27,13
"569",565,565,0.144791986347837,0.0346764879730388,0.201453484071268,0.754423926393097,1.20421310493357,0.491250511516304,"LH145/LH82",28,13
"570",566,566,0.120747492299272,0.0523265543281283,0.212002477200928,0.744974979648105,1.15775024644309,0.534113213121169,"LH244/MO17",28,14
"571",567,567,0.12225922359954,0.0471232102016983,0.209691054914628,0.75469056886043,1.17272471170917,0.526345485346641,"LH244/PHK76",27,14
"572",568,568,0.128320562847297,0.0339509435251472,0.200812893741449,0.748998760940067,1.20572097406706,0.49358549148521,"PHG29/PHG47",26,14
"573",569,569,0.133798970160648,0.0284434333146635,0.198529015766591,0.767656037721345,1.22296910220282,0.481016186076999,"PHB47/PHK76",25,14
"574",570,570,0.128774809370074,0.0324012961907959,0.205222281298363,0.794520023267373,1.21699223628305,0.504404889947481,"PHRE1/PHTD5",24,14
"575",571,571,0.116571054599788,0.0373494022775092,0.207377325059402,0.787874247350954,1.20430983638281,0.519056961941346,"B73/PHZ51",24,15
"576",572,572,0.108499986172892,0.0647206363289033,0.223632177564756,0.766892205536726,1.13486383339299,0.564130941150268,"TX714/PHZ51",25,15
"577",573,573,0.112073668136038,0.0545012703211163,0.216315412050158,0.768259517617152,1.15878286089182,0.549311517440927,"B73/PHK76",26,15
"578",574,574,0.123012421762743,0.0263004520420222,0.200949855138858,0.803005018169833,1.23513738870576,0.501029649597319,"B73/PHK76",27,15
"579",575,575,0.122731672499637,0.0285769071382441,0.204076503327315,0.811871773069583,1.22994940369772,0.508842337180244,"PHB47/MO17",28,15
"580",576,576,0.1254271595153,0.0363608605434435,0.209145157192151,0.803460017026488,1.20937835772355,0.511849065777001,"PHB47/PHZ51",28,16
"581",577,577,0.128862460023012,0.0216603882282169,0.199606351124503,0.816457132702945,1.24921682745431,0.476970375026029,"TX714/PHZ51",27,16
"582",578,578,0.128106025164938,0.0319049482192554,0.199564717233524,0.749098064667706,1.21124429280847,0.494834657994926,"B73/PHN82",26,16
"583",579,579,0.125390926293779,0.0256944925147237,0.194272285201794,0.752043397326242,1.22636263746011,0.478609297552541,"PHB47/MO17",25,16
"584",580,580,0.129118946898606,0.0322982871357227,0.190314806894943,0.677604694378784,1.19597194803513,0.478814295742826,"B73/PHZ51",24,16
"585",581,581,0.124995058876168,0.0370861536986026,0.191281633083174,0.666211342387287,1.17954611805636,0.482535239968627,"LH244/MO17",24,17
"586",582,582,0.121535879129855,0.0368582066541174,0.1919376323887,0.663469268692541,1.18232499192382,0.487478391763881,"LH244/PHN82",25,17
"587",583,583,0.126359063230752,0.0324160831789112,0.191247870114672,0.688886437760533,1.19686924122657,0.490104431111037,"LH244/PHZ51",26,17
"588",584,584,0.124427264503123,0.0368096231188935,0.190676208784944,0.66310511936251,1.18031336866103,0.495082301633377,"LH145/LH82",27,17
"589",585,585,0.117997593836849,0.0421631428888746,0.194559364834018,0.65922838974216,1.16802226549834,0.509546704086866,"PHRE1/PHTD5",28,17
"590",586,586,0.132856633762073,0.0260096939968677,0.184024158374678,0.669363999341154,1.2115262994842,0.476541839947864,"LH195/PHK76",28,18
"591",587,587,0.121891142111932,0.0416809669312085,0.185361919767897,0.597897660864609,1.15488713996615,0.478900445485806,"PHB47/PHK76",27,18
"592",588,588,0.123304785179052,0.0389263074259464,0.179116661104463,0.571694526676787,1.15587391257617,0.458292641237092,"PHG29/PHG47",26,18
"593",606,599,0.118194600959503,0.038274181021518,0.209082179090891,0.80165288021388,1.2029942678547,0.514142478149117,"LH195/MO17",25,20
"594",607,598,0.123615137514739,0.0312108388599524,0.205687153378873,0.807506346193334,1.22256726053024,0.493940107559618,"LH244/PHK76",26,20
"595",608,597,0.124602143295633,0.0328584395785117,0.205389252570156,0.800339330983112,1.21556067282223,0.495291068480425,"Fill/HB",27,20
"596",609,596,0.125044303989877,0.0370145634049682,0.209339246013163,0.798985156615766,1.20582482523218,0.50586509547593,"Fill/HB",28,20
"597",610,595,0.12470039947729,0.0441873903538272,0.211302897972713,0.773803360411593,1.18298131090792,0.516009439270471,"Fill/HB",28,19
"598",611,594,0.119451181950538,0.0351137738768,0.205887307366546,0.787489762468166,1.2083963215211,0.509804421581192,"LH195/PHN82",27,19
"599",612,593,0.126839935787732,0.0354557311223352,0.204072095209824,0.770477816666952,1.2047692528366,0.502795874674943,"B73/MO17",26,19
"600",613,592,0.118518320621337,0.0400625424779241,0.204968429820068,0.744670994631356,1.18876172973585,0.504534390759623,"PHJ40/PHAJ0",25,19
"601",614,591,0.127076645456993,0.0380408177507894,0.204081268157015,0.746604562220407,1.19453001460748,0.492533029116118,"PHB47/PHN82",24,19
"602",615,590,0.129362472934987,0.0327130493581417,0.202608603482111,0.772701985814813,1.21226011907058,0.479409572410642,"PHJ89/PH207",24,18
"603",616,589,0.131056422999273,0.0319254440492802,0.20348441116035,0.784005821135207,1.2166034524744,0.483501728147264,"LH195/PHZ51",25,18
